figure,panel,pdf_page,status,scale,reason
1,upper,4,no cortical-area measurement,absent,"Curved dorsolateral brain view, not a flattened surface."
3,,6,no cortical-area measurement,absent,"CO/myelin modules, not separately delineated cortical areas; no scale."
7,A,13,no cortical-area measurement,1 mm own panel,Local V1 tracer pattern without areal perimeter; a photograph frame is not a whole V1 outline.
7,B,13,no cortical-area measurement,1 mm own panel,Local V1 tracer pattern without areal perimeter; a photograph frame is not a whole V1 outline.
7,C,13,no cortical-area measurement,1 mm own panel,Local V1 tracer pattern without areal perimeter; a photograph frame is not a whole V1 outline.
7,D,13,no cortical-area measurement,1 mm own panel,Local V1 tracer pattern without areal perimeter; a photograph frame is not a whole V1 outline.
7,E,13,no cortical-area measurement,1 mm own panel,Local V1 tracer pattern without areal perimeter; a photograph frame is not a whole V1 outline.
8,A,14,no cortical-area measurement,A/B/D/E show 1 mm bars; C has no independent bar,Tracer pattern lacks a closed cortical-area border or a consistently bounded field fragment.
8,B,14,no cortical-area measurement,A/B/D/E show 1 mm bars; C has no independent bar,Tracer pattern lacks a closed cortical-area border or a consistently bounded field fragment.
8,C,14,no cortical-area measurement,A/B/D/E show 1 mm bars; C has no independent bar,Tracer pattern lacks a closed cortical-area border or a consistently bounded field fragment.
8,D,14,no cortical-area measurement,A/B/D/E show 1 mm bars; C has no independent bar,Tracer pattern lacks a closed cortical-area border or a consistently bounded field fragment.
8,E,14,no cortical-area measurement,A/B/D/E show 1 mm bars; C has no independent bar,Tracer pattern lacks a closed cortical-area border or a consistently bounded field fragment.
9,A,15,no cortical-area measurement,A–D group has a short unlabeled stroke; E/F no printed length,Only the 17/18 junction and internal CO/myelin modules are drawn; no opposite areal boundary.
9,B,15,no cortical-area measurement,A–D group has a short unlabeled stroke; E/F no printed length,Only the 17/18 junction and internal CO/myelin modules are drawn; no opposite areal boundary.
9,C,15,no cortical-area measurement,A–D group has a short unlabeled stroke; E/F no printed length,Only the 17/18 junction and internal CO/myelin modules are drawn; no opposite areal boundary.
9,D,15,no cortical-area measurement,A–D group has a short unlabeled stroke; E/F no printed length,Only the 17/18 junction and internal CO/myelin modules are drawn; no opposite areal boundary.
9,E,15,no cortical-area measurement,A–D group has a short unlabeled stroke; E/F no printed length,Only the 17/18 junction and internal CO/myelin modules are drawn; no opposite areal boundary.
9,F,15,no cortical-area measurement,A–D group has a short unlabeled stroke; E/F no printed length,Only the 17/18 junction and internal CO/myelin modules are drawn; no opposite areal boundary.
5,,10,no cortical-area measurement,not applicable,"Published quantitative chart, not a tissue image."
29,,35,no cortical-area measurement,not applicable,"Evolutionary relationship diagram, not cortical surface geometry."
