map_id	roi_index	label	area_pixels	area_calibrated	unit	original_fractional_pixels	pixel_difference_percent	roi_roundtrip_pixels_equal
fig01flat	0	Drawn schematic outline	167054	167054.0	pixel^2	167054.0	0.0	true
fig01flat	1	17	26122	26122.0	pixel^2	26078.111328125	0.16829697259427862	true
fig01flat	2	18	10822	10822.0	pixel^2	10834.0	-0.11076241462063872	true
fig01flat	3	DM	3194	3194.0	pixel^2	3195.0	-0.03129890453834116	true
fig01flat	4	DI	1578	1578.0	pixel^2	1580.666748046875	-0.16871032747225964	true
fig01flat	5	DL	4552	4552.0	pixel^2	4560.888671875	-0.19488903401244018	true
fig01flat	6	MT	1638	1638.0	pixel^2	1643.0	-0.30432136335970783	true
fig01flat	7	MST	1502	1502.0	pixel^2	1495.1109619140625	0.46077102378528845	true
fig01flat	8	FST	2437	2437.0	pixel^2	2441.0	-0.1638672675133142	true
fig01flat	9	SI	7120	7120.0	pixel^2	7126.77734375	-0.0950968919485545	true
fig01flat	10	AI	1862	1862.0	pixel^2	1858.0	0.21528525296017223	true
fig02A	0	17	24002	41.670138888888886	mm^2	23999.666015625	0.009725070230062608	true
fig02A	1	18	48463	84.13715277777777	mm^2	48452.5546875	0.021557815820792473	true
fig02B	0	17	31294	54.3298611111111	mm^2	31129.998046875	0.5268293074675069	true
fig02B	1	18	42776	74.26388888888889	mm^2	42680.4453125	0.22388399839871048	true
fig02C	0	MT	6221	18.17677136596056	mm^2	6220.33349609375	0.01071492238589059	true
fig02D	0	MT	16277	32.1520987654321	mm^2	16292.0	-0.09206972747360667	true
fig02E	0	MT	23933	32.82990397805212	mm^2	23939.333984375	-0.026458482007620337	true
fig04A	0	DM	8790	15.260416666666666	mm^2	8788.888671875	0.012644694528402896	true
fig04A	1	DI	18480	32.08333333333333	mm^2	18478.888671875	0.006014041995347098	true
fig04C	0	DM	18002	16.530762167125804	mm^2	18002.5546875	-0.0030811599221811834	true
fig04C	1	DI	25732	23.629017447199267	mm^2	25735.5546875	-0.013812360149853483	true
fig04D	0	DM	10367	5.478662967366891	mm^2	10358.6669921875	0.0804447890716513	true
fig04D	1	DI	17072	9.022063680803276	mm^2	17043.779296875	0.16557773151975927	true
fig04E	0	MT	14288	18.893223140495866	mm^2	14286.8876953125	0.007785493322418605	true
fig04E	1	DL	24427	32.3001652892562	mm^2	24424.443359375	0.010467549198080977	true
fig04E	2	FST	10661	14.097190082644627	mm^2	10672.8896484375	-0.11140046256583035	true
fig04F	0	MT	15713	39.282500000000006	mm^2	15697.888671875	0.09626344307100415	true
fig04F	1	FST	28409	71.02250000000001	mm^2	28400.22265625	0.030905897662279	true
fig04G	0	DM	4702	13.024930747922436	mm^2	4708.0	-0.1274426508071368	true
fig04G	1	DI	7770	21.523545706371188	mm^2	7767.55517578125	0.031474822687746186	true
fig04G	2	MT	8522	23.60664819944598	mm^2	8521.77734375	0.002612791217354434	true
fig04G	3	MST	5282	14.63157894736842	mm^2	5282.77783203125	-0.01472392093670387	true
fig04G	4	FST	6240	17.285318559556785	mm^2	6233.77783203125	0.09981375878970863	true
fig04H	0	MT	15195	28.72400756143667	mm^2	15187.0	0.05267663132942648	true
fig04H	1	AI	7403	13.994328922495274	mm^2	7397.888671875	0.0690917145648872	true
fig06A	0	DM	12631	28.64172335600907	mm^2	12630.22265625	0.006154632195777923	true
fig06A	1	DI	10035	22.755102040816325	mm^2	10012.7783203125	0.22193320351874582	true
fig06A	2	MT	18029	40.88208616780045	mm^2	18027.33203125	0.00925244371773156	true
fig06B	0	MT	13208	31.42891136228436	mm^2	13207.888671875	8.428911521420008E-4	true
fig06B	1	17	60090	142.98631766805474	mm^2	60103.0	-0.021629535963263065	true
fig06B	2	18	31315	74.51516954193931	mm^2	31324.666015625	-0.030857521737593346	true
fig06B	3	DM	3499	8.325996430696014	mm^2	3535.66650390625	-1.037046448406273	true
fig06B	4	DI	7294	17.35633551457466	mm^2	7296.99951171875	-0.0411060972929062	true
fig06B	5	DL	21642	51.49791790600833	mm^2	21657.5546875	-0.07182106994275597	true
fig06B	6	MST	12040	28.64961332540155	mm^2	12044.77734375	-0.039663196866639876	true
fig06B	7	FST	11128	26.479476502082097	mm^2	11130.443359375	-0.02195203996920748	true
fig06C	0	MT	9879	10.976666666666667	mm^2	9880.666015625	-0.016861369692745518	true
fig06C	1	DI	7121	7.912222222222223	mm^2	7115.77783203125	0.07338857524812989	true
fig06C	2	DM	4634	5.148888888888889	mm^2	4631.33349609375	0.05757529464244013	true
fig06D	0	18	12107	30.248594700152736	mm^2	12098.556640625	0.06978815428816164	true
fig06D	1	DM	1993	4.979387894392039	mm^2	2003.888916015625	-0.543389203293547	true
fig06D	2	DI	3191	7.972517195687403	mm^2	3210.111083984375	-0.5953402696785935	true
fig06D	3	DL	6440	16.089943823324	mm^2	6451.0	-0.1705161990389087	true
fig06D	4	MT	6515	16.277326709465193	mm^2	6513.11083984375	0.02900549680028662	true
fig06D	5	MST	3507	8.762023755962307	mm^2	3506.0	0.02852253280091272	true
fig06D	6	FST	5723	14.298563431814166	mm^2	5721.0	0.034958923265163436	true
fig09G	0	18	59081	54.24007561904746	mm^2	59055.0	0.04402675472017611	true
fig10A	0	17	10504	0.35922164084675623	mm^2	10407.3330078125	0.9288353905360263	true
fig10A	1	18	111577	3.8157723744057996	mm^2	111342.4453125	0.2106606216898556	true
fig10B	0	17	9475	0.3240313258780479	mm^2	9382.0	0.9912598593050522	true
fig10B	1	18	108323	3.7044902705105844	mm^2	108050.671875	0.252037419364728	true
fig10C	0	17	10828	0.37030197325672853	mm^2	10896.6669921875	-0.6301650976094951	true
fig10C	1	18	104613	3.5776136247050374	mm^2	104502.671875	0.10557445376321867	true
fig10D	0	17	11449	0.3915392770425088	mm^2	11505.4453125	-0.49059650423678464	true
fig10D	1	18	110387	3.7750760917889266	mm^2	110281.0	0.09611809831249263	true
fig10E	0	17	11277	0.3856571252693136	mm^2	11386.3330078125	-0.9602126315599885	true
fig10E	1	18	107934	3.691187031907253	mm^2	107918.4453125	0.014413372482301992	true
fig10F	0	17	9664	0.33049485311719845	mm^2	9607.333984375	0.5898203988448766	true
fig10F	1	18	107595	3.6795937211449674	mm^2	107463.5546875	0.12231617768669392	true
fig11A	0	18	21667	7.430384087791494	mm^2	21664.443359375	0.011801090766976238	true
fig11B	0	18	25180	7.48513674197384	mm^2	25192.3359375	-0.04896702525166539	true
fig11C	0	18	24016	8.23593964334705	mm^2	24008.0	0.03332222592469177	true
fig11D	0	18	11188	7.355687047994739	mm^2	11168.77734375	0.17211065865465494	true
fig12	0	Neocortex outline	316442	2925.398938248761	mm^2	316442.0	0.0	true
fig12	1	17	62676	579.4183574041352	mm^2	62677.109375	-0.0017699843069701234	true
fig12	2	18	28134	260.0892856469452	mm^2	28101.224609375	0.11663331787350516	true
fig12	3	DM	4159	38.44854407498561	mm^2	4130.4443359375	0.691346057227972	true
fig12	4	DI	2677	24.747956837878455	mm^2	2678.33349609375	-0.04978827676593876	true
fig12	5	DL	16472	152.27805193632196	mm^2	16469.888671875	0.012819322383189113	true
fig12	6	MT	3340	30.87716691763692	mm^2	3337.333251953125	0.07990655549050503	true
fig12	7	MST	2595	23.989894656068206	mm^2	2588.5556640625	0.2489548912147482	true
fig12	8	FST	9241	85.4299100257134	mm^2	9240.333984375	0.007207700783610238	true
fig12	9	3b	5225	48.303352438518836	mm^2	5228.4443359375	-0.06587687878448847	true
fig12	10	3a	3408	31.505803848894196	mm^2	3404.33349609375	0.10770107894708533	true
fig12	11	1	2551	23.58312958290173	mm^2	2552.666748046875	-0.06529438471160723	true
fig12	12	2	2094	19.358319618422666	mm^2	2094.4443359375	-0.021214979547360926	true
fig12	13	SII	1349	12.471047356853955	mm^2	1349.0	0.0	true
fig12	14	PV/IG	1296	11.981080336903426	mm^2	1292.333251953125	0.2837308442952607	true
fig12	15	FEF	1024	9.466532611874314	mm^2	1022.7777709960938	0.11950093544914539	true
fig12	16	FV	955	8.82865101986325	mm^2	954.7777709960938	0.023275468978965076	true
fig13	0	Neocortex outline	305984	3319.903033255415	mm^2	305984.0	0.0	true
fig13	1	17	53472	580.1671165624134	mm^2	53470.109375	0.003535853997867383	true
fig13	2	18	25314	274.6549668735214	mm^2	25337.66796875	-0.09341020957094666	true
fig13	3	DM	3769	40.89336217691009	mm^2	3768.5556640625	0.011790616276077668	true
fig13	4	DI	2477	26.875260841657287	mm^2	2479.888671875	-0.1164839336443247	true
fig13	5	DL	12673	137.50108221490623	mm^2	12684.22265625	-0.08847728831431519	true
fig13	6	MT	5030	54.575115879505915	mm^2	5031.3330078125	-0.026494128105417514	true
fig13	7	MST	3898	42.29300232570856	mm^2	3902.88916015625	-0.1252702794166531	true
fig13	8	FST	9757	105.86270489788055	mm^2	9761.4443359375	-0.04552949117517209	true
fig13	9	3b	5481	59.46843143848348	mm^2	5481.4443359375	-0.008106183521500717	true
fig13	10	3a	4051	43.95304064172534	mm^2	4050.4443359375	0.013718595206206882	true
fig13	11	1	2762	29.967489077374815	mm^2	2773.33349609375	-0.4086596909355932	true
fig13	12	2	2382	25.844518096418106	mm^2	2390.77783203125	-0.3671538155342602	true
fig13	13	SII	1693	18.368920712525547	mm^2	1704.1112060546875	-0.6520235308123973	true
fig13	14	PV/IG	1313	14.245949731568839	mm^2	1320.111083984375	-0.5386731518769043	true
fig13	15	FEF	1967	21.341799788268016	mm^2	1962.2222900390625	0.24348464418077673	true
fig13	16	FV	2108	22.871639020675637	mm^2	2108.77783203125	-0.03688544233703199	true
fig13	17	Motor & Premotor	8070	87.55888372715958	mm^2	8079.0	-0.11139992573338285	true
fig14	0	Neocortex outline	284782	3078.5540523364857	mm^2	284782.0	0.0	true
fig14	1	17	55257	597.3399346516184	mm^2	55258.3359375	-0.0024176216625687273	true
fig14	2	18	22158	239.53269761316324	mm^2	22175.66796875	-0.07967276915805982	true
fig14	3	DM	3705	40.05183882375529	mm^2	3707.888916015625	-0.07791269051094804	true
fig14	4	DI	3496	37.792504326004995	mm^2	3500.111083984375	-0.11745581456503718	true
fig14	5	DL	11184	120.9014211619107	mm^2	11184.22265625	-0.0019908066643824778	true
fig14	6	MT	3774	40.797743514400125	mm^2	3773.22216796875	0.020614530409926342	true
fig14	7	MST	2269	24.5283730880164	mm^2	2270.5556640625	-0.06851468506685235	true
fig14	8	FST	6953	75.16341034860204	mm^2	6955.88916015625	-0.04153545419900136	true
fig14	9	3b	4910	53.07814537777018	mm^2	4919.5556640625	-0.19423835636832834	true
fig14	10	3a	4116	44.49483632890062	mm^2	4107.6669921875	0.20286473631744753	true
fig14	11	1	2516	27.198495676266756	mm^2	2525.0	-0.3564356435643564	true
fig14	12	2	2081	22.49605306133192	mm^2	2082.77783203125	-0.08535869759647631	true
fig14	13	SII	1892	20.452922821739545	mm^2	1891.33349609375	0.03523989331477279	true
fig14	14	PV/IG	1531	16.55043596198903	mm^2	1525.111083984375	0.3861303007673461	true
fig14	15	FEF	2220	23.998672655529486	mm^2	2217.77783203125	0.10019795205161416	true
fig15	0	Neocortex outline	357364	2951.2988539043918	mm^2	357364.0	0.0	true
fig15	1	17	73224	604.7220964571003	mm^2	73213.5546875	0.014266910744306974	true
fig15	2	18	24004	198.23758881454486	mm^2	23996.333984375	0.031946611636559395	true
fig15	3	DM	4293	35.453839725914065	mm^2	4304.88916015625	-0.27617807831824576	true
fig15	4	DI	3490	28.82224566583743	mm^2	3494.555419921875	-0.13035763851119128	true
fig15	5	DL	12407	102.46349626820773	mm^2	12406.77734375	0.0017946340442078186	true
fig15	6	MT	4813	39.748271744892705	mm^2	4808.4443359375	0.09474299262345073	true
fig15	7	MST	3998	33.01757540745503	mm^2	3995.0	0.07509386733416772	true
fig15	8	FST	9603	79.30659745817674	mm^2	9602.888671875	0.0011593191257757522	true
fig15	9	3b	5654	46.69368968327932	mm^2	5654.7783203125	-0.013763940306982497	true
fig15	10	3a	4170	34.43804138296334	mm^2	4172.111328125	-0.05060574752085673	true
fig15	11	1	3222	26.608961471440743	mm^2	3219.888671875	0.06557146349319386	true
fig15	12	2	3052	25.205012542159263	mm^2	3054.222412109375	-0.07276523479637845	true
fig15	13	SII	1914	15.806813239086773	mm^2	1918.111083984375	-0.21432981742826365	true
fig15	14	PV/IG	2448	20.216864581653304	mm^2	2453.0	-0.20383204239706482	true
fig15	15	FEF	2002	16.533563273067774	mm^2	2003.111083984375	-0.05546791654534457	true
fig15	16	FV	2846	23.50375678079465	mm^2	2845.666748046875	0.011710856633290868	true
fig16	0	Neocortex outline	332231	2135.006933692442	mm^2	332231.0	0.0	true
fig16	1	17	56498	363.0715428113439	mm^2	56494.66796875	0.005897957045863358	true
fig16	2	18	24058	154.603263424463	mm^2	24058.66796875	-0.0027764161792649122	true
fig16	3	DM	3339	21.457323824685428	mm^2	3342.5556640625	-0.10637561255086148	true
fig16	4	DI	2376	15.268823422417661	mm^2	2387.333251953125	-0.4747243370339286	true
fig16	5	DL	14943	96.02778973113935	mm^2	14943.5556640625	-0.0037184193306570735	true
fig16	6	MT	3108	19.972854880839265	mm^2	3108.111083984375	-0.003574003031854264	true
fig16	7	MST	2051	13.180284865058344	mm^2	2046.111083984375	0.23893697922328122	true
fig16	8	FST	5919	38.03710683387632	mm^2	5922.33349609375	-0.05628686895036738	true
fig16	9	3b	4593	29.515869519850302	mm^2	4589.33349609375	0.07989186031851413	true
fig16	10	3a	2272	14.60049108406268	mm^2	2275.0	-0.13186813186813187	true
fig16	11	1	2807	18.038546863100326	mm^2	2811.0	-0.1422981145499822	true
fig16	12	2	2452	15.757220131215533	mm^2	2462.666748046875	-0.4331381034536942	true
fig16	13	SII	1372	8.816845848298414	mm^2	1377.22216796875	-0.3791812309013381	true
fig16	14	PV/IG	1090	7.004637007758944	mm^2	1087.0	0.27598896044158233	true
fig16	15	FEF	1183	7.602280348787918	mm^2	1180.3333740234375	0.22592142484904013	true
fig16	16	FV	865	5.558725698817877	mm^2	861.1111450195312	0.4516089476905499	true
fig17	0	Neocortex outline	355614	1812.7478426517982	mm^2	355614.0	0.0	true
fig17	1	17	66886	340.9524152693881	mm^2	66882.109375	0.0058171385985835615	true
fig17	2	18	29009	147.87382433617918	mm^2	29012.77734375	-0.013019586871140154	true
fig17	3	DM	9685	49.369436681577966	mm^2	9684.333984375	0.006877247584341576	true
fig17	4	DI	5057	25.77813539481051	mm^2	5050.3330078125	0.13201094219305232	true
fig17	5	DL	11334	57.7752395817248	mm^2	11330.77734375	0.02844161660080278	true
fig17	6	MT	6503	33.1491426680745	mm^2	6500.66650390625	0.035896259135087184	true
fig17	7	MST	5057	25.77813539481051	mm^2	5060.33349609375	-0.06587502772936296	true
fig17	8	FST	5013	25.553844717062503	mm^2	5016.33349609375	-0.06645284043307356	true
fig17	9	FEF	1249	6.366796738801329	mm^2	1247.666748046875	0.10685962058475165	true
fig17	10	FV	1275	6.4993321392887875	mm^2	1271.77783203125	0.2533593437152178	true
fig18	0	Neocortex outline	353731	1467.7443297438815	mm^2	353731.0	0.0	true
fig18	1	17	53206	220.76890294702173	mm^2	53208.55859375	-0.0048086131585239715	true
fig18	2	18	29202	121.16854309399183	mm^2	29191.220703125	0.036926502610581294	true
fig18	3	DM	6178	25.634520212132095	mm^2	6164.4443359375	0.21990082680239548	true
fig18	4	DI	5812	24.115867833103227	mm^2	5816.33349609375	-0.07450563308758647	true
fig18	5	DL	11337	47.04087983893519	mm^2	11324.22265625	0.11283197211729144	true
fig18	6	MT	7228	29.991309824100163	mm^2	7225.111328125	0.03998100159031935	true
fig18	7	MST	6296	26.12414037804851	mm^2	6308.111328125	-0.1919961062037871	true
fig18	8	FST	6614	27.443625231958837	mm^2	6606.33349609375	0.1160477882441617	true
fig18	9	3b	10832	44.945471501750546	mm^2	10825.1103515625	0.0636450642418213	true
fig18	10	SII	2755	11.431386077116207	mm^2	2751.11083984375	0.1413669016865524	true
fig18	11	PV	2543	10.551729507842655	mm^2	2534.888916015625	0.31997788672823263	true
fig18	12	AI	3640	15.103537321489291	mm^2	3650.0	-0.273972602739726	true
fig18	13	FEF	1215	5.041427979563046	mm^2	1214.6666259765625	0.027445721839066368	true
fig18	14	FV	1190	4.9376948935638065	mm^2	1188.0	0.16835016835016836	true
fig18	15	C	418	1.7344171979072864	mm^2	416.33331298828125	0.40032516248961875	true
fig19	0	Neocortex outline	359210	359210.0	pixel^2	359210.0	0.0	true
fig19	1	DM	6297	6297.0	pixel^2	6306.888671875	-0.15679160342718015	true
fig19	2	DI	3681	3681.0	pixel^2	3679.6669921875	0.03622631654794255	true
fig19	3	DL	8458	8458.0	pixel^2	8451.666015625	0.07494361896565789	true
fig19	4	MT	4577	4577.0	pixel^2	4578.77783203125	-0.03882765437565057	true
fig19	5	MST	3621	3621.0	pixel^2	3621.444580078125	-0.012276318698087301	true
fig19	6	FST	5554	5554.0	pixel^2	5558.0	-0.07196833393306945	true
fig19	7	3b	10824	10824.0	pixel^2	10821.111328125	0.02669478011460887	true
fig19	8	SII	2945	2945.0	pixel^2	2942.77783203125	0.07551259713058768	true
fig19	9	AI	4014	4014.0	pixel^2	4008.888916015625	0.1274937792353406	true
fig19	10	FEF	1999	1999.0	pixel^2	1996.0	0.15030060120240482	true
fig19	11	FV	1853	1853.0	pixel^2	1859.6666259765625	-0.3584850038948067	true
fig20	0	Neocortex outline	550684	654.6020813457211	mm^2	550684.0	0.0	true
fig20	1	17	98828	117.47756334891683	mm^2	98791.375	0.03707307444602325	true
fig20	2	18	53911	64.08439832540834	mm^2	53839.3125	0.13315084586193407	true
fig20	3	DM	7997	9.506092140904277	mm^2	7986.1875	0.1353900093129544	true
fig20	4	DI	11162	13.268350691105857	mm^2	11151.1875	0.09696276741826823	true
fig20	5	DL	20481	24.345913859930036	mm^2	20456.6875	0.11884866501480261	true
fig20	6	MT	11558	13.739078775112121	mm^2	11538.0625	0.1727976425851394	true
fig20	7	MST	8266	9.825854399989339	mm^2	8250.4375	0.18862636072329497	true
fig20	8	FST	12610	14.989598836664115	mm^2	12561.6875	0.38460198918338	true
fig20	9	3b	14543	17.287370014401763	mm^2	14493.5625	0.34109971237230324	true
fig20	10	3a	10800	12.838038654716293	mm^2	10760.6875	0.3653344639921938	true
fig20	11	SII	2561	3.0442793513637434	mm^2	2554.0625	0.2716260858925731	true
fig20	12	PV	1810	2.151560181947823	mm^2	1799.5625	0.5800020838398222	true
fig20	13	AI	3594	4.2722139745417	mm^2	3576.9375	0.4770142055878807	true
fig20	14	FEF	2496	2.9670133779788768	mm^2	2492.6875	0.1328886994458792	true
fig20	15	FV	3613	4.294799412915737	mm^2	3601.5625	0.3175704989154013	true
fig21	0	Neocortex outline	382504	588.2145027583787	mm^2	382504.0	0.0	true
fig21	1	17	75433	116.00083812606609	mm^2	75425.78125	0.009570666528561811	true
fig21	2	18	33418	51.39018743118895	mm^2	33412.109375	0.01763020985561466	true
fig21	3	DM	3459	5.319248857636081	mm^2	3454.111328125	0.14153197191978537	true
fig21	4	DI	5290	8.134959947064145	mm^2	5292.5556640625	-0.048287901435850066	true
fig21	5	DL	12452	19.14868076764513	mm^2	12453.0	-0.008030193527664016	true
fig21	6	MT	8027	12.343917484892984	mm^2	8027.111328125	-0.0013869014698965738	true
fig21	7	MST	6167	9.483610206719202	mm^2	6169.4443359375	-0.03962003390259233	true
fig21	8	FST	8519	13.100514893958307	mm^2	8512.7783203125	0.07308635857055426	true
fig21	9	3b	10927	16.80353635946501	mm^2	10930.7783203125	-0.03456588544549297	true
fig21	10	3a	6070	9.334443644362826	mm^2	6072.888671875	-0.04756668582413062	true
fig21	11	SII	2124	3.2662863757210285	mm^2	2122.666748046875	0.0628102340770996	true
fig21	12	PV	1654	2.5435205581179763	mm^2	1656.333251953125	-0.14086850882053245	true
fig21	13	AI	1957	3.009473840530157	mm^2	1954.5556640625	0.1250583947258633	true
fig21	14	FEF	1532	2.355909005463567	mm^2	1528.5555419921875	0.22534071632904423	true
fig21	15	FV	2466	3.792213842998144	mm^2	2468.66650390625	-0.10801393797139895	true
fig22	0	Neocortex outline	346561	511.42423025170876	mm^2	346561.0	0.0	true
fig22	1	17	69584	102.68594457493748	mm^2	69572.5625	0.016439670451983135	true
fig22	2	18	21777	32.13658046402065	mm^2	21766.666015625	0.0474761930356346	true
fig22	3	DM	2822	4.16445929510338	mm^2	2821.22216796875	0.027570747177632977	true
fig22	4	DI	1613	2.380323473778083	mm^2	1610.2222900390625	0.1725047515563901	true
fig22	5	DL	9804	14.46788055605724	mm^2	9794.888671875	0.09302125251471441	true
fig22	6	MT	8226	12.139207002664918	mm^2	8231.77734375	-0.07018343073123162	true
fig22	7	MST	7372	10.878948945252343	mm^2	7372.0	0.0	true
fig22	8	FST	7047	10.399342541670276	mm^2	7058.6669921875	-0.16528605472411395	true
fig22	9	3b	16113	23.778147633593463	mm^2	16104.6669921875	0.05174281353686113	true
fig22	10	M	8776	12.950848608726883	mm^2	8769.0	0.07982666210514312	true
fig22	11	SII	1580	2.3316249774143656	mm^2	1582.3333740234375	-0.1474641223994646	true
fig22	12	PV	1607	2.3714692017119527	mm^2	1609.22216796875	-0.138089569792277	true
fig22	13	AI	2785	4.109857950695575	mm^2	2788.5556640625	-0.12750916570623302	true
fig22	14	FEF	1167	1.7221559168623828	mm^2	1162.4443359375	0.3919038462023131	true
fig22	15	FV	2104	3.104898071189763	mm^2	2099.888916015625	0.19577626002119486	true
fig23	0	Neocortex outline	350323	792.9068204612526	mm^2	350323.0	0.0	true
fig23	1	17	50812	115.00581281068375	mm^2	50812.4453125	-8.763847070561115E-4	true
fig23	2	18	28020	63.41932761858141	mm^2	28057.5546875	-0.13384875452717587	true
fig23	3	DM	3406	7.7090017797604675	mm^2	3404.77783203125	0.0358956745210265	true
fig23	4	DL	9257	20.95191705086396	mm^2	9261.0	-0.043191879926573806	true
fig23	5	MT	8192	18.541439395125586	mm^2	8191.88916015625	0.0013530437434273815	true
fig23	6	MST	5872	13.29044581642791	mm^2	5866.77783203125	0.08901254007332902	true
fig23	7	FST	8757	19.820237400282565	mm^2	8763.7783203125	-0.07734472581066265	true
fig23	8	3b	15462	34.99606151457908	mm^2	15480.0009765625	-0.11628537097481055	true
fig23	9	MI	6504	14.720888894762794	mm^2	6499.0	0.07693491306354824	true
fig23	10	SII	1604	3.6304283190651176	mm^2	1602.6666259765625	0.08319721655306993	true
fig23	11	AI	3517	7.960234662189537	mm^2	3518.22216796875	-0.03473822602441335	true
fig24	0	Neocortex outline	326016	612.2426433591297	mm^2	326016.0	0.0	true
fig24	1	17	53690	100.82728308411758	mm^2	53686.5546875	0.006417458747454662	true
fig24	2	18	16587	31.149602244668618	mm^2	16581.111328125	0.035514337721209266	true
fig24	3	DM	3092	5.806629899349815	mm^2	3088.0	0.12953367875647667	true
fig24	4	DI	3107	5.834799190582107	mm^2	3106.44482421875	0.01787174125616807	true
fig24	5	DL	7053	13.245200737423751	mm^2	7053.4443359375	-0.006299559709234476	true
fig24	6	MT	6501	12.208570820075401	mm^2	6503.111328125	-0.03246643058175579	true
fig24	7	MST	4520	8.488346424664023	mm^2	4522.4443359375	-0.05404899996393854	true
fig24	8	FST	9444	17.735385759851116	mm^2	9425.333984375	0.19804089336191047	true
fig24	9	3b	21121	39.66424000781611	mm^2	21116.77734375	0.019996688799911948	true
fig24	10	M	7139	13.406704673822228	mm^2	7134.22216796875	0.06697060897124178	true
fig24	11	SII	1857	3.4873582545577637	mm^2	1851.77783203125	0.2820083423842322	true
fig24	12	PV	2452	4.604740140105351	mm^2	2456.4443359375	-0.18092557085376912	true
fig24	13	AI	4064	7.631999971202343	mm^2	4063.0	0.024612355402412012	true
fig24	14	FV	1717	3.224444869723037	mm^2	1712.4443359375	0.26603282611261886	true
fig25A	0	MT	8095	41.30102040816326	mm^2	8104.22265625	-0.11380062766275875	true
fig25B	0	MT	9336	41.49333333333333	mm^2	9327.0	0.0964940495336121	true
fig25B	1	MST	11985	53.266666666666666	mm^2	11980.2216796875	0.039885074252020356	true
fig25B	2	FST	13436	59.715555555555554	mm^2	13388.22265625	0.3568609887713227	true
fig25C	0	MT	8895	37.500003148481916	mm^2	8895.888671875	-0.009989691955224225	true
fig25D	0	MT	8744	38.86049679701243	mm^2	8731.111328125	0.14761777041466076	true
fig25D	1	MST	9229	41.01595664908826	mm^2	9218.0	0.11933174224343675	true
fig25E	0	MT	8793	21.54935790608764	mm^2	8787.5546875	0.06196618619905459	true
fig26A	0	MT	21444	24.634119965727695	mm^2	21448.111328125	-0.01916871869090309	true
fig26A	1	MST	21840	25.089030966773585	mm^2	21828.11328125	0.054456006329280424	true
fig26A	2	FST	25663	29.48076015111312	mm^2	25658.443359375	0.01775883502042266	true
fig26B	0	MT	16756	9.967876264128495	mm^2	16756.666015625	-0.003974630898407618	true
fig26B	1	MST	9872	5.872694824509221	mm^2	9890.666015625	-0.18872354597265692	true
fig26B	2	FST	14190	8.441403926234385	mm^2	14163.4443359375	0.18749439354323724	true
fig26C	0	MT	12538	14.90844233055886	mm^2	12540.6669921875	-0.021266749122366976	true
fig26C	1	MST	11044	13.131985731272295	mm^2	11038.111328125	0.05334854577880295	true
fig26C	2	FST	16863	20.051129607609987	mm^2	16863.443359375	-0.002629115332803727	true
fig26C	3	DL	26553	31.573127229488705	mm^2	26553.888671875	-0.0033466731972151853	true
fig26D	0	MT	56232	12.90909090909091	mm^2	56213.6640625	0.03261829273326423	true
fig27galago	0	Drawn schematic outline	125104	403.82183553192067	mm^2	125104.0	0.0	true
fig27galago	1	17	26005	83.94125553945194	mm^2	25935.890625	0.2664623166377191	true
fig27galago	2	18	7287	23.52162772989757	mm^2	7278.0	0.1236603462489695	true
fig27galago	3	DM	783	2.5274371500630983	mm^2	783.2222290039062	-0.02837368446358813	true
fig27galago	4	DI	1021	3.295674751231703	mm^2	1018.1111450195312	0.2837465236090045	true
fig27galago	5	DL	5037	16.25887729868177	mm^2	5033.0	0.0794754619511226	true
fig27galago	6	MT	2756	8.89606230596922	mm^2	2755.555419921875	0.01613395524222861	true
fig27galago	7	MST	2371	7.653325009961184	mm^2	2376.888671875	-0.24774706298527405	true
fig27galago	8	FST	2646	8.540994507109781	mm^2	2649.5556640625	-0.13419850395021277	true
fig27galago	9	3b	4849	15.652034151540184	mm^2	4839.22216796875	0.20205379484269922	true
fig27galago	10	SII	792	2.5564881517879616	mm^2	783.0	1.1494252873563218	true
fig27galago	11	PV	807	2.604906487996067	mm^2	808.888916015625	-0.23351982926522294	true
fig27galago	12	AI	980	3.1633312989295486	mm^2	976.77783203125	0.3298772620637149	true
fig27galago	13	FEF	417	1.3460297465853281	mm^2	416.6666564941406	0.08000244335943466	true
fig27galago	14	FV	488	1.5752098713036935	mm^2	490.5555419921875	-0.5209485518824695	true
fig27marmoset	0	Drawn schematic outline	118547	823.0145159949275	mm^2	118547.0	0.0	true
fig27marmoset	1	17	26044	180.81090246545162	mm^2	25982.0	0.23862674159033176	true
fig27marmoset	2	18	8164	56.67870556473457	mm^2	8172.77783203125	-0.10740328700539717	true
fig27marmoset	3	DM	1518	10.538740206671616	mm^2	1524.444580078125	-0.42274938442135607	true
fig27marmoset	4	DI	693	4.811164007393564	mm^2	694.7777709960938	-0.2558762053577194	true
fig27marmoset	5	DL	4036	28.01999701852875	mm^2	4040.444580078125	-0.11000225321835898	true
fig27marmoset	6	MT	2021	14.030826059079931	mm^2	2021.77783203125	-0.038472675826528566	true
fig27marmoset	7	MST	1586	11.01083133582423	mm^2	1584.666748046875	0.08413453205655086	true
fig27marmoset	8	FST	2387	16.57178713657783	mm^2	2388.333251953125	-0.05582353099320192	true
fig27marmoset	9	3b	2766	19.203000929943144	mm^2	2758.22216796875	0.28198714815557674	true
fig27marmoset	10	3a	2117	14.69730765317774	mm^2	2108.666748046875	0.39519056109001416	true
fig27marmoset	11	SII	404	2.804776708494949	mm^2	408.1111145019531	-1.007351761779438	true
fig27marmoset	12	PV	663	4.6028885092379985	mm^2	663.6666259765625	-0.10044590920653618	true
fig27marmoset	13	AI	870	6.0399894465114	mm^2	869.111083984375	0.10227875722742262	true
fig27marmoset	14	FEF	401	2.7839491586793925	mm^2	402.5555419921875	-0.3864167375486508	true
fig27marmoset	15	FV	547	3.797556583036478	mm^2	548.2222290039062	-0.22294407983546782	true
fig27owl	0	Drawn schematic outline	117397	1663.7896825396822	mm^2	117397.0	0.0	true
fig27owl	1	17	19874	281.66099773242627	mm^2	19812.66796875	0.30955967841755283	true
fig27owl	2	18	7171	101.6298185941043	mm^2	7152.6669921875	0.2563100984922719	true
fig27owl	3	DM	2367	33.545918367346935	mm^2	2364.5556640625	0.10337400699209724	true
fig27owl	4	DI	1994	28.259637188208615	mm^2	1994.333251953125	-0.01670994317517566	true
fig27owl	5	DL	4752	67.3469387755102	mm^2	4739.3330078125	0.2672737316964062	true
fig27owl	6	MT	2246	31.831065759637184	mm^2	2248.4443359375	-0.10871231715330956	true
fig27owl	7	MST	1315	18.63662131519274	mm^2	1319.5555419921875	-0.34523306122528274	true
fig27owl	8	FST	2812	39.852607709750565	mm^2	2814.444580078125	-0.08685834837284812	true
fig27owl	9	3b	2554	36.19614512471655	mm^2	2566.666748046875	-0.4935096485164605	true
fig27owl	10	SII	887	12.570861678004533	mm^2	892.888916015625	-0.6595351235743134	true
fig27owl	11	PV	852	12.074829931972786	mm^2	854.8888549804688	-0.33792170334642513	true
fig27owl	12	AI	1109	15.717120181405894	mm^2	1111.77783203125	-0.2498549576379681	true
fig27owl	13	FEF	561	7.950680272108842	mm^2	557.1111450195312	0.6980393437170269	true
fig27owl	14	FV	538	7.624716553287982	mm^2	534.77783203125	0.6025245954027711	true
fig27squirrel	0	Drawn schematic outline	119297	2301.2544972620076	mm^2	119297.0	0.0	true
fig27squirrel	1	17	20110	387.9244904728448	mm^2	20036.0	0.36933519664603714	true
fig27squirrel	2	18	9161	176.71687007567039	mm^2	9160.888671875	0.001215254643818458	true
fig27squirrel	3	DM	1896	36.574084233541214	mm^2	1893.4443359375	0.13497434352801374	true
fig27squirrel	4	DI	1304	25.154327974967163	mm^2	1304.888916015625	-0.06812196844611376	true
fig27squirrel	5	DL	3220	62.11421478481156	mm^2	3214.66650390625	0.16591133441895414	true
fig27squirrel	6	MT	813	15.68287472672416	mm^2	814.5555419921875	-0.19096819209934482	true
fig27squirrel	7	MST	894	17.245375160752026	mm^2	895.22216796875	-0.1365211913287499	true
fig27squirrel	8	FST	2260	43.59569112225904	mm^2	2253.4443359375	0.29091750605735056	true
fig27squirrel	9	2	909	17.534727092979413	mm^2	911.5555419921875	-0.2803495645040357	true
fig27squirrel	10	1	822	15.85648588606059	mm^2	820.666748046875	0.16245960449817654	true
fig27squirrel	11	3b	1496	28.858032707477665	mm^2	1499.0	-0.200133422281521	true
fig27squirrel	12	3a	1119	21.585654144162774	mm^2	1109.2222900390625	0.8814923797278873	true
fig27squirrel	13	SII	379	7.310958820945212	mm^2	375.4444580078125	0.9470221004336982	true
fig27squirrel	14	PV	496	9.567903892318798	mm^2	493.888916015625	0.42744105322424614	true
fig27squirrel	15	AI	324	6.250001736111473	mm^2	324.22222900390625	-0.06854218620018573	true
fig27squirrel	16	FEF	502	9.683644665209751	mm^2	501.3333435058594	0.13297669161174264	true
fig27squirrel	17	FV	382	7.368829207390688	mm^2	384.5555419921875	-0.6645443149638492	true
fig28	0	Drawn schematic outline	96183	6660.872576177285	mm^2	96183.0	0.0	true
fig28	1	17	15734	1089.6121883656508	mm^2	15692.111328125	0.26694095522966915	true
fig28	2	18	14715	1019.0443213296397	mm^2	14662.4443359375	0.3584372622897985	true
fig28	3	V3	1051	72.78393351800554	mm^2	1054.3333740234375	-0.3161593956489326	true
fig28	4	V3a	1235	85.52631578947368	mm^2	1236.4443359375	-0.1168136644343857	true
fig28	5	DL/V4	3459	239.5429362880886	mm^2	3463.444580078125	-0.1283283152180464	true
fig28	6	MT	1316	91.13573407202216	mm^2	1319.666748046875	-0.27785409098939845	true
fig28	7	MST	890	61.63434903047091	mm^2	890.77783203125	-0.08732054203417944	true
fig28	8	FST	536	37.1191135734072	mm^2	539.0	-0.5565862708719852	true
fig28	9	2	1083	75.0	mm^2	1076.8887939453125	0.5674871991469386	true
fig28	10	1	1533	106.16343490304708	mm^2	1549.77783203125	-1.0825959492051689	true
fig28	11	3b	1174	81.30193905817173	mm^2	1174.77783203125	-0.06621098986053298	true
fig28	12	3a	1249	86.49584487534625	mm^2	1251.888916015625	-0.23076456534334736	true
fig28	13	SII	555	38.43490304709141	mm^2	557.7777709960938	-0.4980067583426883	true
fig28	14	AI	371	25.692520775623265	mm^2	368.5555725097656	0.6632452939426401	true
fig28	15	M (motor)	2358	163.29639889196673	mm^2	2351.888916015625	0.25983727134221507	true
fig28	16	FEF	771	53.393351800554015	mm^2	772.4444580078125	-0.18699830037461293	true
