figure,pdf_pages,type,status,reason
1,4,flattening illustration,digitized; provisional,1 saved view(s); 10 traced field(s). Complete/partial extents and specimen links are in data/view_index.csv and data/measurements.csv. Lower flattened drawing only; unscaled. Upper curved brain view excluded.
2,5,histological photomicrographs / local panels,digitized; provisional,5 saved view(s); 7 traced field(s). Complete/partial extents and specimen links are in data/view_index.csv and data/measurements.csv.
3,6,local cortical reconstruction / connection pattern,inventoried; excluded from whole-hemisphere set,Myelin/CO modular pattern without a physical scale or separately marked areal perimeters; staining footprints are not V1/V2 area.
4,7–8,histological photomicrographs / local panels,digitized; provisional,8 saved view(s); 18 traced field(s). Complete/partial extents and specimen links are in data/view_index.csv and data/measurements.csv.
5,10,published percentage chart,reference chart,"Quantitative comparison, not an image-area ROI."
6,12,histological photomicrographs / local panels,digitized; provisional,4 saved view(s); 21 traced field(s). Complete/partial extents and specimen links are in data/view_index.csv and data/measurements.csv.
7,13,histological photomicrographs / local panels,inventoried; excluded from whole-hemisphere set,"Scaled local tracer photographs in V1, but no cortical areal borders. No tracer-intensity footprint is substituted for V1 area."
8,14,local cortical reconstruction / connection pattern,inventoried; excluded from whole-hemisphere set,Scaled tracer reconstructions within V1. No complete areal outline or consistently bounded two-sided field fragment; tracer footprints are not cortical areas. Printed 86-25 in E is retained as an unresolved identity discrepancy with Figure 16.
9,15,local cortical reconstruction / connection pattern,digitized; provisional,1 saved view(s); 1 traced field(s). Complete/partial extents and specimen links are in data/view_index.csv and data/measurements.csv. Panel G only: visible V2 strip. A–F show one border and internal modules without an opposite field boundary; top short stroke has no printed length.
10,16,histological photomicrographs / local panels,digitized; provisional,6 saved view(s); 12 traced field(s). Complete/partial extents and specimen links are in data/view_index.csv and data/measurements.csv.
11,17,local cortical reconstruction / connection pattern,digitized; provisional,4 saved view(s); 4 traced field(s). Complete/partial extents and specimen links are in data/view_index.csv and data/measurements.csv.
12,18,individual-case whole-cortex reconstruction,digitized; provisional,1 saved view(s); 16 traced field(s). Complete/partial extents and specimen links are in data/view_index.csv and data/measurements.csv.
13,19,individual-case whole-cortex reconstruction,digitized; provisional,1 saved view(s); 17 traced field(s). Complete/partial extents and specimen links are in data/view_index.csv and data/measurements.csv.
14,20,individual-case whole-cortex reconstruction,digitized; provisional,1 saved view(s); 15 traced field(s). Complete/partial extents and specimen links are in data/view_index.csv and data/measurements.csv.
15,21,individual-case whole-cortex reconstruction,digitized; provisional,1 saved view(s); 16 traced field(s). Complete/partial extents and specimen links are in data/view_index.csv and data/measurements.csv.
16,22,individual-case whole-cortex reconstruction,digitized; provisional,1 saved view(s); 16 traced field(s). Complete/partial extents and specimen links are in data/view_index.csv and data/measurements.csv.
17,23,individual-case whole-cortex reconstruction,digitized; provisional,1 saved view(s); 10 traced field(s). Complete/partial extents and specimen links are in data/view_index.csv and data/measurements.csv.
18,24,individual-case whole-cortex reconstruction,digitized; provisional,1 saved view(s); 15 traced field(s). Complete/partial extents and specimen links are in data/view_index.csv and data/measurements.csv.
19,25,individual-case whole-cortex reconstruction,digitized; provisional,1 saved view(s); 11 traced field(s). Complete/partial extents and specimen links are in data/view_index.csv and data/measurements.csv.
20,26,individual-case whole-cortex reconstruction,digitized; provisional,1 saved view(s); 15 traced field(s). Complete/partial extents and specimen links are in data/view_index.csv and data/measurements.csv.
21,27,individual-case whole-cortex reconstruction,digitized; provisional,1 saved view(s); 15 traced field(s). Complete/partial extents and specimen links are in data/view_index.csv and data/measurements.csv.
22,28,individual-case whole-cortex reconstruction,digitized; provisional,1 saved view(s); 15 traced field(s). Complete/partial extents and specimen links are in data/view_index.csv and data/measurements.csv.
23,29,individual-case whole-cortex reconstruction,digitized; provisional,1 saved view(s); 11 traced field(s). Complete/partial extents and specimen links are in data/view_index.csv and data/measurements.csv.
24,30,individual-case whole-cortex reconstruction,digitized; provisional,1 saved view(s); 14 traced field(s). Complete/partial extents and specimen links are in data/view_index.csv and data/measurements.csv.
25,31,contralateral connection detail panels,digitized; provisional,5 saved view(s); 8 traced field(s). Complete/partial extents and specimen links are in data/view_index.csv and data/measurements.csv.
26,32,contralateral connection detail panels,digitized; provisional,4 saved view(s); 11 traced field(s). Complete/partial extents and specimen links are in data/view_index.csv and data/measurements.csv.
27,33,four-species summary maps,digitized; provisional,"4 saved view(s); 60 traced field(s). Complete/partial extents and specimen links are in data/view_index.csv and data/measurements.csv. Scale bars are present. Summary drawings are illustrative, not additional experimental cases."
28,34,macaque literature comparison,digitized; provisional,"1 saved view(s); 16 traced field(s). Complete/partial extents and specimen links are in data/view_index.csv and data/measurements.csv. Scale bars are present. Summary drawings are illustrative, not additional experimental cases."
29,35,evolutionary schematic,inventoried; nonmetric diagram,"Conceptual evolutionary diagram, not cortical tissue surface."
