map_id,figure,specimen,bar_tissue_mm,bar_in_saved_image_pixels,resize_scale,bar_length_pdf_points,bar_length_printed_mm,tissue_mm_per_pdf_point,status
fig01flat,1,not reported,,,1,,,,no visible scale stroke; not calibrated
fig02A,2,not reported,2,48.0,1,24.0,8.466666666666665,0.08333333333333333,Own panel scale bar.
fig02B,2,not reported,2,48.0,1,24.0,8.466666666666665,0.08333333333333333,Own panel scale bar.
fig02C,2,not reported,2,37.0,1,18.5,6.526388888888889,0.10810810810810811,Own panel scale bar.
fig02D,2,not reported,2,45.0,1,22.5,7.9375,0.08888888888888889,Own panel scale bar.
fig02E,2,not reported,2,54.0,1,27.0,9.524999999999999,0.07407407407407407,Own panel scale bar.
fig04A,4,not reported,2,48.0,1,24.0,8.466666666666665,0.08333333333333333,Own panel scale bar.
fig04B,4,not reported,2,51.0,1,25.5,8.995833333333332,0.0784313725490196,Own panel scale bar.
fig04C,4,not reported,2,66.0,1,33.0,11.641666666666666,0.06060606060606061,Own panel scale bar.
fig04D,4,not reported,2,87.0,1,43.5,15.345833333333331,0.04597701149425287,Own panel scale bar.
fig04E,4,not reported,2,55.0,1,27.5,9.70138888888889,0.07272727272727272,Own panel scale bar.
fig04F,4,not reported,2,40.0,1,20.0,7.055555555555555,0.1,Own panel scale bar.
fig04G,4,not reported,2,38.0,1,19.0,6.7027777777777775,0.10526315789473684,Own panel scale bar.
fig04H,4,not reported,2,46.0,1,23.0,8.113888888888887,0.08695652173913043,Own panel scale bar.
fig06A,6,not reported,2,42.0,1,21.0,7.408333333333333,0.09523809523809523,Own panel scale bar.
fig06B,6,not reported,2,41.0,1,20.5,7.231944444444443,0.0975609756097561,Own panel scale bar.
fig06C,6,not reported,2,60.0,1,30.0,10.583333333333334,0.06666666666666667,Own panel scale bar.
fig06D,6,not reported,2,40.01249804748511,1,20.006249023742555,7.057760072264734,0.09996876464081228,Own panel scale bar.
fig09G,9,not reported,2,66.007575322837,1,33.0037876614185,11.643002869444858,0.06059910518506954,Own panel scale bar.
fig10A,10,87-53,1,171.0,1,85.5,30.162499999999998,0.011695906432748537,Borrowed only within Figure 10: caption explicitly states the bar in B applies to all six panels. No resizing between page crops.
fig10B,10,87-53,1,171.0,1,85.5,30.162499999999998,0.011695906432748537,Borrowed only within Figure 10: caption explicitly states the bar in B applies to all six panels. No resizing between page crops.
fig10C,10,87-53,1,171.0,1,85.5,30.162499999999998,0.011695906432748537,Borrowed only within Figure 10: caption explicitly states the bar in B applies to all six panels. No resizing between page crops.
fig10D,10,87-53,1,171.0,1,85.5,30.162499999999998,0.011695906432748537,Borrowed only within Figure 10: caption explicitly states the bar in B applies to all six panels. No resizing between page crops.
fig10E,10,87-53,1,171.0,1,85.5,30.162499999999998,0.011695906432748537,Borrowed only within Figure 10: caption explicitly states the bar in B applies to all six panels. No resizing between page crops.
fig10F,10,87-53,1,171.0,1,85.5,30.162499999999998,0.011695906432748537,Borrowed only within Figure 10: caption explicitly states the bar in B applies to all six panels. No resizing between page crops.
fig11A,11,88-5,1,54.0,1,27.0,9.524999999999999,0.037037037037037035,Own panel scale bar.
fig11B,11,88-11,1,58.0,1,29.0,10.230555555555554,0.034482758620689655,Own panel scale bar.
fig11C,11,88-10,1,54.0,1,27.0,9.524999999999999,0.037037037037037035,Own panel scale bar.
fig11D,11,87-62,1,39.0,1,19.5,6.879166666666666,0.05128205128205128,Own panel scale bar.
fig12,12,87-35,5,52.00253661281246,0.7713884992987378,26.96567898540748,9.512892308740971,0.18542088269706683,measured own scale stroke
fig13,13,87-16,5,48.001708095755305,0.7713884992987378,24.891067543471657,8.781015494502501,0.20087527347983847,measured own scale stroke
fig14,14,86-23,5,48.089791817867265,0.7713884992987378,24.93674295719226,8.797128765453936,0.20050734005572685,measured own scale stroke
fig15,15,87-15,5,55.019778097047464,0.7713884992987378,28.53025584232352,10.064840255486352,0.17525254689734313,measured own scale stroke
fig16,16,87-25,5,62.372112592692204,0.7713884992987378,32.342775475337845,11.409812459355296,0.154594029934525,measured own scale stroke
fig17,17,88-7,2,28.01242724800646,0.7713884992987378,14.525716820238985,5.1243501004731975,0.13768683671523585,measured own scale stroke
fig18,18,87-54,2,31.048552334039943,0.7713884992987378,16.100085683033075,5.679752449292224,0.12422294137898168,measured own scale stroke
fig19,19,88-16,2,,0.7713884992987378,,,,no visible scale stroke; not calibrated
fig20,20,87-53,2,58.008620049092706,1,23.203448019637083,8.185660829149748,0.08619408625422392,measured own scale stroke
fig21,21,87-51,2,51.00116855604428,0.7713884992987378,26.446424131243322,9.329710735188616,0.07562459068472839,measured own scale stroke
fig22,22,88-5,1,26.031500096487754,0.7713884992987378,13.498516050033285,4.761976495428408,0.07408221735585033,measured own scale stroke
fig23,23,88-10,1,21.019542876845637,0.7713884992987378,10.899588415411591,3.845132579881311,0.09174658362200531,measured own scale stroke
fig24,24,88-11,1,23.07584815213269,0.7713884992987378,11.965876169069531,4.221295204088418,0.08357098016649124,measured own scale stroke
fig25A,25,87-35,5,70.0,1,35.0,12.347222222222221,0.14285714285714285,Own panel scale bar.
fig25B,25,87-16,5,75.0,1,37.5,13.229166666666666,0.13333333333333333,Own panel scale bar.
fig25C,25,86-23,5,77.00649323271382,1,38.50324661635691,13.583089778548132,0.1298591791445427,Own panel scale bar.
fig25D,25,87-15,5,75.00166664814856,1,37.50083332407428,13.22946064488176,0.13333037046913215,Own panel scale bar.
fig25E,25,86-25,5,101.0,1,50.5,17.815277777777776,0.09900990099009901,Own panel scale bar.
fig26A,26,87-54,2,59.00847396772772,1,29.50423698386386,10.408439158196416,0.06778687417315074,Own panel scale bar.
fig26B,26,88-5,1,41.0,1,20.5,7.231944444444443,0.04878048780487805,Own panel scale bar.
fig26C,26,87-51,2,58.0,1,29.0,10.230555555555554,0.06896551724137931,Own panel scale bar.
fig26D,26,87-51,1,66.0,1,33.0,11.641666666666666,0.030303030303030304,Own panel scale bar.
fig27galago,27,not reported,5,88.0056816347672,1,44.0028408173836,15.523224399465882,0.11362902728827268,Own panel scale bar.
fig27marmoset,27,not reported,5,60.00833275470999,1,30.004166377354995,10.584803138678012,0.16664352333993332,Own panel scale bar.
fig27owl,27,not reported,5,42.0,1,21.0,7.408333333333333,0.23809523809523808,Own panel scale bar.
fig27squirrel,27,not reported,5,36.0,1,18.0,6.35,0.2777777777777778,Own panel scale bar.
fig28,28,not applicable,5,19.0,1,9.5,3.3513888888888888,0.5263157894736842,Own panel scale bar.
