figure,specimen,species,field,digitized_percent,printed_species_min,printed_species_max,within_species_range,comparison_type
12,87-35,Saimiri sciureus,17,19.806823801834142,13.7,19.9,True,species range only; Table 1 case identities not matched
12,87-35,Saimiri sciureus,18,8.880371319033188,6.5,9.4,True,species range only; Table 1 case identities not matched
12,87-35,Saimiri sciureus,DM,1.305276902540592,1.2,1.8,True,species range only; Table 1 case identities not matched
12,87-35,Saimiri sciureus,DI,0.8463900165255402,0.9,1.4,False,species range only; Table 1 case identities not matched
12,87-35,Saimiri sciureus,DL,5.204710080164769,3.4,5.7,True,species range only; Table 1 case identities not matched
12,87-35,Saimiri sciureus,MT,1.0546429525641745,1.1,1.6,False,species range only; Table 1 case identities not matched
12,87-35,Saimiri sciureus,MST,0.8180189937057976,1.1,1.8,False,species range only; Table 1 case identities not matched
12,87-35,Saimiri sciureus,FST,2.9200719197751877,2.4,3.2,True,species range only; Table 1 case identities not matched
13,87-16,Saimiri sciureus,17,17.47480566794342,13.7,19.9,True,species range only; Table 1 case identities not matched
13,87-16,Saimiri sciureus,18,8.280716628565546,6.5,9.4,True,species range only; Table 1 case identities not matched
13,87-16,Saimiri sciureus,DM,1.2316185369373889,1.2,1.8,True,species range only; Table 1 case identities not matched
13,87-16,Saimiri sciureus,DI,0.8104635117767596,0.9,1.4,False,species range only; Table 1 case identities not matched
13,87-16,Saimiri sciureus,DL,4.145387554986535,3.4,5.7,True,species range only; Table 1 case identities not matched
13,87-16,Saimiri sciureus,MT,1.6443124502629223,1.1,1.6,False,species range only; Table 1 case identities not matched
13,87-16,Saimiri sciureus,MST,1.275520667798398,1.1,1.8,True,species range only; Table 1 case identities not matched
13,87-16,Saimiri sciureus,FST,3.1901812957336007,2.4,3.2,True,species range only; Table 1 case identities not matched
14,86-23,Saimiri sciureus,17,19.403731955495783,13.7,19.9,True,species range only; Table 1 case identities not matched
14,86-23,Saimiri sciureus,18,7.786892419025781,6.5,9.4,True,species range only; Table 1 case identities not matched
14,86-23,Saimiri sciureus,DM,1.3020095778580194,1.2,1.8,True,species range only; Table 1 case identities not matched
14,86-23,Saimiri sciureus,DI,1.2290492671532522,0.9,1.4,True,species range only; Table 1 case identities not matched
14,86-23,Saimiri sciureus,DL,3.9272926857210075,3.4,5.7,True,species range only; Table 1 case identities not matched
14,86-23,Saimiri sciureus,MT,1.3249510741439943,1.1,1.6,True,species range only; Table 1 case identities not matched
14,86-23,Saimiri sciureus,MST,0.7972960594639057,1.1,1.8,False,species range only; Table 1 case identities not matched
14,86-23,Saimiri sciureus,FST,2.4425311853123617,2.4,3.2,True,species range only; Table 1 case identities not matched
15,87-15,Saimiri sciureus,17,20.487109694177366,13.7,19.9,False,species range only; Table 1 case identities not matched
15,87-15,Saimiri sciureus,18,6.714815701742481,6.5,9.4,True,species range only; Table 1 case identities not matched
15,87-15,Saimiri sciureus,DM,1.2046230622436087,1.2,1.8,True,species range only; Table 1 case identities not matched
15,87-15,Saimiri sciureus,DI,0.9778700204614552,0.9,1.4,True,species range only; Table 1 case identities not matched
15,87-15,Saimiri sciureus,DL,3.47174794991941,3.4,5.7,True,species range only; Table 1 case identities not matched
15,87-15,Saimiri sciureus,MT,1.3455312611056234,1.1,1.6,True,species range only; Table 1 case identities not matched
15,87-15,Saimiri sciureus,MST,1.117907791495506,1.1,1.8,True,species range only; Table 1 case identities not matched
15,87-15,Saimiri sciureus,FST,2.687144947973215,2.4,3.2,True,species range only; Table 1 case identities not matched
16,87-25,Saimiri sciureus,17,17.004634717636222,13.7,19.9,True,species range only; Table 1 case identities not matched
16,87-25,Saimiri sciureus,18,7.2415481904909536,6.5,9.4,True,species range only; Table 1 case identities not matched
16,87-25,Saimiri sciureus,DM,1.0060938515859448,1.2,1.8,False,species range only; Table 1 case identities not matched
16,87-25,Saimiri sciureus,DI,0.7185763074346238,0.9,1.4,False,species range only; Table 1 case identities not matched
16,87-25,Saimiri sciureus,DL,4.4979413914001105,3.4,5.7,True,species range only; Table 1 case identities not matched
16,87-25,Saimiri sciureus,MT,0.9355271133591914,1.1,1.6,False,species range only; Table 1 case identities not matched
16,87-25,Saimiri sciureus,MST,0.6158700073094849,1.1,1.8,False,species range only; Table 1 case identities not matched
16,87-25,Saimiri sciureus,FST,1.7825950907933787,2.4,3.2,False,species range only; Table 1 case identities not matched
17,88-7,Aotus trivirgatus,17,18.80750177861389,6.7,18.4,False,species range only; Table 1 case identities not matched
17,88-7,Aotus trivirgatus,18,8.158502574069075,5.0,9.2,True,species range only; Table 1 case identities not matched
17,88-7,Aotus trivirgatus,DM,2.7232712953862896,1.5,2.4,False,species range only; Table 1 case identities not matched
17,88-7,Aotus trivirgatus,DI,1.4201727175568173,1.3,1.8,True,species range only; Table 1 case identities not matched
17,88-7,Aotus trivirgatus,DL,3.1862573868717203,2.2,4.2,True,species range only; Table 1 case identities not matched
17,88-7,Aotus trivirgatus,MT,1.8280119747552823,1.3,2.1,True,species range only; Table 1 case identities not matched
17,88-7,Aotus trivirgatus,MST,1.4229848926346405,1.1,1.8,True,species range only; Table 1 case identities not matched
17,88-7,Aotus trivirgatus,FST,1.4106119264409585,1.2,2.1,True,species range only; Table 1 case identities not matched
18,87-54,Aotus trivirgatus,17,15.04209656313696,6.7,18.4,True,species range only; Table 1 case identities not matched
18,87-54,Aotus trivirgatus,18,8.252378418381483,5.0,9.2,True,species range only; Table 1 case identities not matched
18,87-54,Aotus trivirgatus,DM,1.7426927060216661,1.5,2.4,True,species range only; Table 1 case identities not matched
18,87-54,Aotus trivirgatus,DI,1.6442815292111095,1.3,1.8,True,species range only; Table 1 case identities not matched
18,87-54,Aotus trivirgatus,DL,3.2013656298854216,2.2,4.2,True,species range only; Table 1 case identities not matched
18,87-54,Aotus trivirgatus,MT,2.0425440032468174,1.3,2.1,True,species range only; Table 1 case identities not matched
18,87-54,Aotus trivirgatus,MST,1.7833074647472231,1.1,1.8,True,species range only; Table 1 case identities not matched
18,87-54,Aotus trivirgatus,FST,1.8676150792816435,1.2,2.1,True,species range only; Table 1 case identities not matched
19,88-16,Aotus trivirgatus,DM,1.7557664519013947,1.5,2.4,True,species range only; Table 1 case identities not matched
19,88-16,Aotus trivirgatus,DI,1.024377659916901,1.3,1.8,False,species range only; Table 1 case identities not matched
19,88-16,Aotus trivirgatus,DL,2.3528481989991925,2.2,4.2,True,species range only; Table 1 case identities not matched
19,88-16,Aotus trivirgatus,MT,1.2746799454445172,1.3,2.1,False,species range only; Table 1 case identities not matched
19,88-16,Aotus trivirgatus,MST,1.0081691990974986,1.1,1.8,False,species range only; Table 1 case identities not matched
19,88-16,Aotus trivirgatus,FST,1.5472843183653016,1.2,2.1,True,species range only; Table 1 case identities not matched
20,87-53,Callithrix jacchus,17,17.93975764685373,15.7,22.3,True,species range only; Table 1 case identities not matched
20,87-53,Callithrix jacchus,18,9.776807116240892,7.5,9.6,False,species range only; Table 1 case identities not matched
20,87-53,Callithrix jacchus,DM,1.4502305314844812,1.1,1.8,True,species range only; Table 1 case identities not matched
20,87-53,Callithrix jacchus,DI,2.02497030965127,1.7,2.8,True,species range only; Table 1 case identities not matched
20,87-53,Callithrix jacchus,DL,3.7147778944004184,3.1,4.4,True,species range only; Table 1 case identities not matched
20,87-53,Callithrix jacchus,MT,2.0952238488861123,1.5,2.3,True,species range only; Table 1 case identities not matched
20,87-53,Callithrix jacchus,MST,1.4982163091718663,1.1,1.7,True,species range only; Table 1 case identities not matched
20,87-53,Callithrix jacchus,FST,2.2811063150554585,1.7,2.7,True,species range only; Table 1 case identities not matched
21,87-51,Callithrix jacchus,17,19.718952285466298,15.7,22.3,True,species range only; Table 1 case identities not matched
21,87-51,Callithrix jacchus,18,8.735100646006316,7.5,9.6,True,species range only; Table 1 case identities not matched
21,87-51,Callithrix jacchus,DM,0.9030261979286491,1.1,1.8,False,species range only; Table 1 case identities not matched
21,87-51,Callithrix jacchus,DI,1.3836602137657383,1.7,2.8,False,species range only; Table 1 case identities not matched
21,87-51,Callithrix jacchus,DL,3.2556522284734277,3.1,4.4,True,species range only; Table 1 case identities not matched
21,87-51,Callithrix jacchus,MT,2.0985692510731915,1.5,2.3,True,species range only; Table 1 case identities not matched
21,87-51,Callithrix jacchus,MST,1.612909756744374,1.1,1.7,True,species range only; Table 1 case identities not matched
21,87-51,Callithrix jacchus,FST,2.2255396859411927,1.7,2.7,True,species range only; Table 1 case identities not matched
22,88-5,Galago senegalensis,17,20.075127466737456,13.5,19.6,False,species range only; Table 1 case identities not matched
22,88-5,Galago senegalensis,18,6.280760390126125,4.4,8.0,True,species range only; Table 1 case identities not matched
22,88-5,Galago senegalensis,DM,0.8140622193405346,0.6,1.2,True,species range only; Table 1 case identities not matched
22,88-5,Galago senegalensis,DI,0.46462882148858714,0.7,1.4,False,species range only; Table 1 case identities not matched
22,88-5,Galago senegalensis,DL,2.8263101364189853,2.0,2.9,True,species range only; Table 1 case identities not matched
22,88-5,Galago senegalensis,MT,2.3752751589907692,1.9,2.5,True,species range only; Table 1 case identities not matched
22,88-5,Galago senegalensis,MST,2.127186844451626,1.4,2.2,True,species range only; Table 1 case identities not matched
22,88-5,Galago senegalensis,FST,2.036774764669856,1.8,2.7,True,species range only; Table 1 case identities not matched
23,88-10,Galago senegalensis,17,14.50445597705546,13.5,19.6,True,species range only; Table 1 case identities not matched
23,88-10,Galago senegalensis,18,8.009052984674144,4.4,8.0,False,species range only; Table 1 case identities not matched
23,88-10,Galago senegalensis,DM,0.971896744441915,0.6,1.2,True,species range only; Table 1 case identities not matched
23,88-10,Galago senegalensis,DL,2.643560371428653,2.0,2.9,True,species range only; Table 1 case identities not matched
23,88-10,Galago senegalensis,MT,2.3383817677275687,1.9,2.5,True,species range only; Table 1 case identities not matched
23,88-10,Galago senegalensis,MST,1.6746767503222026,1.4,2.2,True,species range only; Table 1 case identities not matched
23,88-10,Galago senegalensis,FST,2.501628017661558,1.8,2.7,True,species range only; Table 1 case identities not matched
24,88-11,Galago senegalensis,17,16.46746009014895,13.5,19.6,True,species range only; Table 1 case identities not matched
24,88-11,Galago senegalensis,18,5.085980850057973,4.4,8.0,True,species range only; Table 1 case identities not matched
24,88-11,Galago senegalensis,DM,0.947192775814684,0.6,1.2,True,species range only; Table 1 case identities not matched
24,88-11,Galago senegalensis,DI,0.9528504196784053,0.7,1.4,True,species range only; Table 1 case identities not matched
24,88-11,Galago senegalensis,DL,2.163527046506153,2.0,2.9,True,species range only; Table 1 case identities not matched
24,88-11,Galago senegalensis,MT,1.9947215253622521,1.9,2.5,True,species range only; Table 1 case identities not matched
24,88-11,Galago senegalensis,MST,1.3871847810958664,1.4,2.2,False,species range only; Table 1 case identities not matched
24,88-11,Galago senegalensis,FST,2.8910648509198933,1.8,2.7,False,species range only; Table 1 case identities not matched
