"map_id","specimen","species","field","extent","area_px2","area_mm2","percent_of_drawn_neocortex","percent_recomputed","percent_diff","mm2_recomputed","mm2_rel_diff","sens_halfwidth_rel","in_sensitivity_band"
"fig12","87-35","Saimiri sciureus","1","complete",2552.6667,23.5985,0.8067,0.8067,0,23.5985,0,0.2948,TRUE
"fig12","87-35","Saimiri sciureus","17","complete",62677.1094,579.4286,19.8068,19.8068,0,579.4286,0,0.1116,TRUE
"fig12","87-35","Saimiri sciureus","18","complete",28101.2246,259.7863,8.8804,8.8804,0,259.7863,0,0.1604,TRUE
"fig12","87-35","Saimiri sciureus","2","complete",2094.4443,19.3624,0.6619,0.6619,0,19.3624,0,0.2926,TRUE
"fig12","87-35","Saimiri sciureus","3a","complete",3404.3335,31.4719,1.0758,1.0758,0,31.4719,0,0.2576,TRUE
"fig12","87-35","Saimiri sciureus","3b","complete",5228.4443,48.3352,1.6523,1.6523,0,48.3352,0,0.23,TRUE
"fig12","87-35","Saimiri sciureus","D1","complete",2678.3335,24.7603,0.8464,0.8464,0,24.7603,0,0.2872,TRUE
"fig12","87-35","Saimiri sciureus","DL","complete",16469.8887,152.2585,5.2047,5.2047,0,152.2585,0,0.1435,TRUE
"fig12","87-35","Saimiri sciureus","DM","complete",4130.4443,38.1846,1.3053,1.3053,0,38.1846,0,0.2464,TRUE
"fig12","87-35","Saimiri sciureus","FEF","complete",1022.7778,9.4552,0.3232,0.3232,0,9.4552,0,0.291,TRUE
"fig12","87-35","Saimiri sciureus","FST","complete",9240.334,85.4237,2.9201,2.9201,0,85.4237,0,0.1545,TRUE
"fig12","87-35","Saimiri sciureus","FV","complete",954.7778,8.8266,0.3017,0.3017,0,8.8266,0,0.2951,TRUE
"fig12","87-35","Saimiri sciureus","MST","complete",2588.5557,23.9303,0.818,0.818,0,23.9303,0,0.2307,TRUE
"fig12","87-35","Saimiri sciureus","MT","complete",3337.3333,30.8525,1.0546,1.0546,0,30.8525,0,0.1958,TRUE
"fig12","87-35","Saimiri sciureus","PV/IG","complete",1292.3333,11.9472,0.4084,0.4084,0,11.9472,0,0.283,TRUE
"fig12","87-35","Saimiri sciureus","SII","complete",1349,12.471,0.4263,0.4263,0,12.471,0,0.2743,TRUE
"fig13","87-16","Saimiri sciureus","1","complete",2773.3335,30.0905,0.9064,0.9064,0,30.0905,0,0.3023,TRUE
"fig13","87-16","Saimiri sciureus","17","complete",53470.1094,580.1465,17.4748,17.4748,0,580.1465,0,0.1225,TRUE
"fig13","87-16","Saimiri sciureus","18","complete",25337.668,274.9117,8.2807,8.2807,0,274.9117,0,0.1838,TRUE
"fig13","87-16","Saimiri sciureus","2","complete",2390.7778,25.9398,0.7813,0.7813,0,25.9398,0,0.306,TRUE
"fig13","87-16","Saimiri sciureus","3a","complete",4050.4443,43.947,1.3237,1.3237,0,43.947,0,0.2356,TRUE
"fig13","87-16","Saimiri sciureus","3b","complete",5481.4443,59.4732,1.7914,1.7914,0,59.4732,0,0.2347,TRUE
"fig13","87-16","Saimiri sciureus","D1","complete",2479.8887,26.9066,0.8105,0.8105,0,26.9066,0,0.2912,TRUE
"fig13","87-16","Saimiri sciureus","DL","complete",12684.2227,137.6228,4.1454,4.1454,0,137.6228,0,0.1567,TRUE
"fig13","87-16","Saimiri sciureus","DM","complete",3768.5557,40.8885,1.2316,1.2316,0,40.8885,0,0.2669,TRUE
"fig13","87-16","Saimiri sciureus","FEF","complete",1962.2223,21.29,0.6413,0.6413,0,21.29,0,0.2409,TRUE
"fig13","87-16","Saimiri sciureus","FST","complete",9761.4443,105.9109,3.1902,3.1902,0,105.9109,0,0.1616,TRUE
"fig13","87-16","Saimiri sciureus","FV","complete",2108.7778,22.8801,0.6892,0.6892,0,22.8801,0,0.2266,TRUE
"fig13","87-16","Saimiri sciureus","MST","complete",3902.8892,42.346,1.2755,1.2755,0,42.346,0,0.2112,TRUE
"fig13","87-16","Saimiri sciureus","MT","complete",5031.333,54.5896,1.6443,1.6443,0,54.5896,0,0.1799,TRUE
"fig13","87-16","Saimiri sciureus","Motor & Premotor","complete",8079,87.6565,2.6403,2.6403,0,87.6565,0,0.174,TRUE
"fig13","87-16","Saimiri sciureus","PV/IG","complete",1320.1111,14.3231,0.4314,0.4314,0,14.3231,0,0.2935,TRUE
"fig13","87-16","Saimiri sciureus","SII","complete",1704.1112,18.4895,0.5569,0.5569,0,18.4895,0,0.2545,TRUE
"fig14","86-23","Saimiri sciureus","1","complete",2525,27.2958,0.8866,0.8866,0,27.2958,0,0.3017,TRUE
"fig14","86-23","Saimiri sciureus","17","complete",55258.3359,597.3543,19.4037,19.4037,0,597.3543,0,0.1183,TRUE
"fig14","86-23","Saimiri sciureus","18","complete",22175.668,239.7237,7.7869,7.7869,0,239.7237,0,0.1665,TRUE
"fig14","86-23","Saimiri sciureus","2","complete",2082.7778,22.5153,0.7314,0.7314,0,22.5153,0,0.2969,TRUE
"fig14","86-23","Saimiri sciureus","3a","complete",4107.667,44.4048,1.4424,1.4424,0,44.4048,0,0.223,TRUE
"fig14","86-23","Saimiri sciureus","3b","complete",4919.5557,53.1814,1.7275,1.7275,0,53.1814,0,0.2398,TRUE
"fig14","86-23","Saimiri sciureus","D1","complete",3500.1111,37.8369,1.229,1.229,0,37.8369,0,0.2621,TRUE
"fig14","86-23","Saimiri sciureus","DL","complete",11184.2227,120.9038,3.9273,3.9273,0,120.9038,0,0.1553,TRUE
"fig14","86-23","Saimiri sciureus","DM","complete",3707.8889,40.0831,1.302,1.302,0,40.0831,0,0.2765,TRUE
"fig14","86-23","Saimiri sciureus","FEF","complete",2217.7778,23.9746,0.7788,0.7788,0,23.9746,0,0.2225,TRUE
"fig14","86-23","Saimiri sciureus","FST","complete",6955.8892,75.1946,2.4425,2.4425,0,75.1946,0,0.1767,TRUE
"fig14","86-23","Saimiri sciureus","MST","complete",2270.5557,24.5452,0.7973,0.7973,0,24.5452,0,0.2434,TRUE
"fig14","86-23","Saimiri sciureus","MT","complete",3773.2222,40.7893,1.325,1.325,0,40.7893,0,0.1908,TRUE
"fig14","86-23","Saimiri sciureus","PV/IG","complete",1525.1111,16.4868,0.5355,0.5355,0,16.4868,0,0.2672,TRUE
"fig14","86-23","Saimiri sciureus","SII","complete",1891.3335,20.4457,0.6641,0.6641,0,20.4457,0,0.2458,TRUE
"fig15","87-15","Saimiri sciureus","1","complete",3219.8887,26.5915,0.901,0.901,0,26.5915,0,0.2651,TRUE
"fig15","87-15","Saimiri sciureus","17","complete",73213.5547,604.6358,20.4871,20.4871,0,604.6358,0,0.1069,TRUE
"fig15","87-15","Saimiri sciureus","18","complete",23996.334,198.1743,6.7148,6.7148,0,198.1743,0,0.1815,TRUE
"fig15","87-15","Saimiri sciureus","2","complete",3054.2224,25.2234,0.8547,0.8547,0,25.2234,0,0.2536,TRUE
"fig15","87-15","Saimiri sciureus","3a","complete",4172.1113,34.4555,1.1675,1.1675,0,34.4555,0,0.2185,TRUE
"fig15","87-15","Saimiri sciureus","3b","complete",5654.7783,46.7001,1.5824,1.5824,0,46.7001,0,0.2187,TRUE
"fig15","87-15","Saimiri sciureus","D1","complete",3494.5554,28.8599,0.9779,0.9779,0,28.8599,0,0.2408,TRUE
"fig15","87-15","Saimiri sciureus","DL","complete",12406.7773,102.4616,3.4717,3.4717,0,102.4616,0,0.1519,TRUE
"fig15","87-15","Saimiri sciureus","DM","complete",4304.8892,35.552,1.2046,1.2046,0,35.552,0,0.2408,TRUE
"fig15","87-15","Saimiri sciureus","FEF","complete",2003.1111,16.5427,0.5605,0.5605,0,16.5427,0,0.2363,TRUE
"fig15","87-15","Saimiri sciureus","FST","complete",9602.8887,79.3057,2.6871,2.6871,0,79.3057,0,0.1504,TRUE
"fig15","87-15","Saimiri sciureus","FV","complete",2845.6667,23.501,0.7963,0.7963,0,23.501,0,0.1964,TRUE
"fig15","87-15","Saimiri sciureus","MST","complete",3995,32.9928,1.1179,1.1179,0,32.9928,0,0.1946,TRUE
"fig15","87-15","Saimiri sciureus","MT","complete",4808.4443,39.7106,1.3455,1.3455,0,39.7106,0,0.1686,TRUE
"fig15","87-15","Saimiri sciureus","PV/IG","complete",2453,20.2582,0.6864,0.6864,0,20.2582,0,0.2165,TRUE
"fig15","87-15","Saimiri sciureus","SII","complete",1918.1111,15.8408,0.5367,0.5367,0,15.8408,0,0.2319,TRUE
"fig16","87-25","Saimiri sciureus","1","complete",2811,18.0643,0.8461,0.8461,0,18.0643,0,0.2489,TRUE
"fig16","87-25","Saimiri sciureus","17","complete",56494.668,363.0501,17.0046,17.0046,0,363.0501,0,0.1058,TRUE
"fig16","87-25","Saimiri sciureus","18","complete",24058.668,154.6075,7.2415,7.2415,0,154.6075,0,0.1681,TRUE
"fig16","87-25","Saimiri sciureus","2","complete",2462.6667,15.8258,0.7413,0.7413,0,15.8258,0,0.2632,TRUE
"fig16","87-25","Saimiri sciureus","3a","complete",2275,14.6198,0.6848,0.6848,0,14.6198,0,0.2763,TRUE
"fig16","87-25","Saimiri sciureus","3b","complete",4589.3335,29.4923,1.3814,1.3814,0,29.4923,0,0.2171,TRUE
"fig16","87-25","Saimiri sciureus","D1","complete",2387.3333,15.3417,0.7186,0.7186,0,15.3417,0,0.2769,TRUE
"fig16","87-25","Saimiri sciureus","DL","complete",14943.5557,96.0314,4.4979,4.4979,0,96.0314,0,0.1313,TRUE
"fig16","87-25","Saimiri sciureus","DM","complete",3342.5557,21.4802,1.0061,1.0061,0,21.4802,0,0.2511,TRUE
"fig16","87-25","Saimiri sciureus","FEF","complete",1180.3334,7.5851,0.3553,0.3553,0,7.5851,0,0.262,TRUE
"fig16","87-25","Saimiri sciureus","FST","complete",5922.3335,38.0585,1.7826,1.7826,0,38.0585,0,0.1609,TRUE
"fig16","87-25","Saimiri sciureus","FV","complete",861.1111,5.5337,0.2592,0.2592,0,5.5337,0,0.3022,TRUE
"fig16","87-25","Saimiri sciureus","MST","complete",2046.1111,13.1489,0.6159,0.6159,0,13.1489,0,0.2211,TRUE
"fig16","87-25","Saimiri sciureus","MT","complete",3108.1111,19.9736,0.9355,0.9355,0,19.9736,0,0.185,TRUE
"fig16","87-25","Saimiri sciureus","PV/IG","complete",1087,6.9854,0.3272,0.3272,0,6.9854,0,0.2832,TRUE
"fig16","87-25","Saimiri sciureus","SII","complete",1377.2222,8.8504,0.4145,0.4145,0,8.8504,0,0.2728,TRUE
"fig17","88-7","Aotus trivirgatus","17","complete",66882.1094,340.9326,18.8075,18.8075,0,340.9326,0,0.1706,TRUE
"fig17","88-7","Aotus trivirgatus","18","complete",29012.7773,147.8931,8.1585,8.1585,0,147.8931,0,0.2162,TRUE
"fig17","88-7","Aotus trivirgatus","D1","complete",5050.333,25.7441,1.4202,1.4202,0,25.7441,0,0.2942,TRUE
"fig17","88-7","Aotus trivirgatus","DL","complete",11330.7773,57.7588,3.1863,3.1863,0,57.7588,0,0.2361,TRUE
"fig17","88-7","Aotus trivirgatus","DM","complete",9684.334,49.366,2.7233,2.7233,0,49.366,0,0.2219,TRUE
"fig17","88-7","Aotus trivirgatus","FEF","complete",1247.6667,6.36,0.3508,0.3508,0,6.36,0,0.3374,TRUE
"fig17","88-7","Aotus trivirgatus","FST","complete",5016.3335,25.5708,1.4106,1.4106,0,25.5708,0,0.2487,TRUE
"fig17","88-7","Aotus trivirgatus","FV","complete",1271.7778,6.4829,0.3576,0.3576,0,6.4829,0,0.3333,TRUE
"fig17","88-7","Aotus trivirgatus","MST","complete",5060.3335,25.7951,1.423,1.423,0,25.7951,0,0.258,TRUE
"fig17","88-7","Aotus trivirgatus","MT","complete",6500.6665,33.1372,1.828,1.828,0,33.1372,0,0.2271,TRUE
"fig18","87-54","Aotus trivirgatus","17","complete",53208.5586,220.7795,15.0421,15.0421,0,220.7795,0,0.169,TRUE
"fig18","87-54","Aotus trivirgatus","18","complete",29191.2207,121.1238,8.2524,8.2524,0,121.1238,0,0.2027,TRUE
"fig18","87-54","Aotus trivirgatus","3b","complete",10825.1104,44.9169,3.0603,3.0603,0,44.9169,0,0.249,TRUE
"fig18","87-54","Aotus trivirgatus","AI","complete",3650,15.145,1.0319,1.0319,0,15.145,0,0.2513,TRUE
"fig18","87-54","Aotus trivirgatus","C","complete",416.3333,1.7275,0.1177,0.1177,0,1.7275,0,0.5819,TRUE
"fig18","87-54","Aotus trivirgatus","D1","complete",5816.3335,24.1338,1.6443,1.6443,0,24.1338,0,0.286,TRUE
"fig18","87-54","Aotus trivirgatus","DL","complete",11324.2227,46.9879,3.2014,3.2014,0,46.9879,0,0.2214,TRUE
"fig18","87-54","Aotus trivirgatus","DM","complete",6164.4443,25.5783,1.7427,1.7427,0,25.5783,0,0.238,TRUE
"fig18","87-54","Aotus trivirgatus","FEF","complete",1214.6666,5.04,0.3434,0.3434,0,5.04,0,0.3285,TRUE
"fig18","87-54","Aotus trivirgatus","FST","complete",6606.3335,27.4118,1.8676,1.8676,0,27.4118,0,0.226,TRUE
"fig18","87-54","Aotus trivirgatus","FV","complete",1188,4.9294,0.3358,0.3358,0,4.9294,0,0.328,TRUE
"fig18","87-54","Aotus trivirgatus","MST","complete",6308.1113,26.1744,1.7833,1.7833,0,26.1744,0,0.2254,TRUE
"fig18","87-54","Aotus trivirgatus","MT","complete",7225.1113,29.9793,2.0425,2.0425,0,29.9793,0,0.2111,TRUE
"fig18","87-54","Aotus trivirgatus","PV","complete",2534.8889,10.5181,0.7166,0.7166,0,10.5181,0,0.3018,TRUE
"fig18","87-54","Aotus trivirgatus","SII","complete",2751.1108,11.4152,0.7777,0.7777,0,11.4152,0,0.2601,TRUE
"fig19","88-16","Aotus trivirgatus","3b","complete",10821.1113,,3.0125,3.0125,0,,,,
"fig19","88-16","Aotus trivirgatus","AI","complete",4008.8889,,1.116,1.116,0,,,,
"fig19","88-16","Aotus trivirgatus","D1","complete",3679.667,,1.0244,1.0244,0,,,,
"fig19","88-16","Aotus trivirgatus","DL","complete",8451.666,,2.3528,2.3528,0,,,,
"fig19","88-16","Aotus trivirgatus","DM","complete",6306.8887,,1.7558,1.7558,0,,,,
"fig19","88-16","Aotus trivirgatus","FEF","complete",1996,,0.5557,0.5557,0,,,,
"fig19","88-16","Aotus trivirgatus","FST","complete",5558,,1.5473,1.5473,0,,,,
"fig19","88-16","Aotus trivirgatus","FV","complete",1859.6666,,0.5177,0.5177,0,,,,
"fig19","88-16","Aotus trivirgatus","MST","complete",3621.4446,,1.0082,1.0082,0,,,,
"fig19","88-16","Aotus trivirgatus","MT","complete",4578.7778,,1.2747,1.2747,0,,,,
"fig19","88-16","Aotus trivirgatus","SII","complete",2942.7778,,0.8192,0.8192,0,,,,
"fig20","87-53","Callithrix jacchus","17","complete",98791.375,117.434,17.9398,17.9398,0,117.434,0,0.0956,TRUE
"fig20","87-53","Callithrix jacchus","18","complete",53839.3125,63.9992,9.7768,9.7768,0,63.9992,0,0.1231,TRUE
"fig20","87-53","Callithrix jacchus","3a","complete",10760.6875,12.7913,1.9541,1.9541,0,12.7913,0,0.1827,TRUE
"fig20","87-53","Callithrix jacchus","3b","complete",14493.5625,17.2286,2.6319,2.6319,0,17.2286,0,0.1663,TRUE
"fig20","87-53","Callithrix jacchus","AI","complete",3576.9375,4.2519,0.6495,0.6495,0,4.2519,0,0.2015,TRUE
"fig20","87-53","Callithrix jacchus","D1","complete",11151.1875,13.2555,2.025,2.025,0,13.2555,0,0.1559,TRUE
"fig20","87-53","Callithrix jacchus","DL","complete",20456.6875,24.317,3.7148,3.7148,0,24.317,0,0.1259,TRUE
"fig20","87-53","Callithrix jacchus","DM","complete",7986.1875,9.4932,1.4502,1.4502,0,9.4932,0,0.1786,TRUE
"fig20","87-53","Callithrix jacchus","FEF","complete",2492.6875,2.9631,0.4527,0.4527,0,2.9631,0,0.2087,TRUE
"fig20","87-53","Callithrix jacchus","FST","complete",12561.6875,14.9322,2.2811,2.2811,0,14.9322,0,0.1531,TRUE
"fig20","87-53","Callithrix jacchus","FV","complete",3601.5625,4.2812,0.654,0.654,0,4.2812,0,0.1846,TRUE
"fig20","87-53","Callithrix jacchus","MST","complete",8250.4375,9.8074,1.4982,1.4982,0,9.8074,0,0.149,TRUE
"fig20","87-53","Callithrix jacchus","MT","complete",11538.0625,13.7154,2.0952,2.0952,0,13.7154,0,0.1327,TRUE
"fig20","87-53","Callithrix jacchus","PV","complete",1799.5625,2.1392,0.3268,0.3268,0,2.1392,0,0.26,TRUE
"fig20","87-53","Callithrix jacchus","SII","complete",2554.0625,3.036,0.4638,0.4638,0,3.036,0,0.2185,TRUE
"fig21","87-51","Callithrix jacchus","17","complete",75425.7812,115.9897,19.719,19.719,0,115.9897,0,0.1081,TRUE
"fig21","87-51","Callithrix jacchus","18","complete",33412.1094,51.3811,8.7351,8.7351,0,51.3811,0,0.1476,TRUE
"fig21","87-51","Callithrix jacchus","3a","complete",6072.8887,9.3389,1.5877,1.5877,0,9.3389,0,0.2272,TRUE
"fig21","87-51","Callithrix jacchus","3b","complete",10930.7783,16.8093,2.8577,2.8577,0,16.8093,0,0.1891,TRUE
"fig21","87-51","Callithrix jacchus","AI","complete",1954.5557,3.0057,0.511,0.511,0,3.0057,0,0.2713,TRUE
"fig21","87-51","Callithrix jacchus","D1","complete",5292.5557,8.1389,1.3837,1.3837,0,8.1389,0,0.2057,TRUE
"fig21","87-51","Callithrix jacchus","DL","complete",12453,19.1502,3.2557,3.2557,0,19.1502,0,0.1614,TRUE
"fig21","87-51","Callithrix jacchus","DM","complete",3454.1113,5.3117,0.903,0.903,0,5.3117,0,0.2339,TRUE
"fig21","87-51","Callithrix jacchus","FEF","complete",1528.5555,2.3506,0.3996,0.3996,0,2.3506,0,0.2472,TRUE
"fig21","87-51","Callithrix jacchus","FST","complete",8512.7783,13.0909,2.2255,2.2255,0,13.0909,0,0.1777,TRUE
"fig21","87-51","Callithrix jacchus","FV","complete",2468.6665,3.7963,0.6454,0.6454,0,3.7963,0,0.2429,TRUE
"fig21","87-51","Callithrix jacchus","MST","complete",6169.4443,9.4874,1.6129,1.6129,0,9.4874,0,0.1877,TRUE
"fig21","87-51","Callithrix jacchus","MT","complete",8027.1113,12.3441,2.0986,2.0986,0,12.3441,0,0.1558,TRUE
"fig21","87-51","Callithrix jacchus","PV","complete",1656.3333,2.5471,0.433,0.433,0,2.5471,0,0.2434,TRUE
"fig21","87-51","Callithrix jacchus","SII","complete",2122.6667,3.2642,0.5549,0.5549,0,3.2642,0,0.2348,TRUE
"fig22","88-5","Galago senegalensis","17","complete",69572.5625,102.6691,20.0751,20.0751,0,102.6691,0,0.1856,TRUE
"fig22","88-5","Galago senegalensis","18","complete",21766.666,32.1213,6.2808,6.2808,0,32.1213,0,0.2529,TRUE
"fig22","88-5","Galago senegalensis","3b","complete",16104.667,23.7659,4.647,4.647,0,23.7659,0,0.249,TRUE
"fig22","88-5","Galago senegalensis","AI","complete",2788.5557,4.1151,0.8046,0.8046,0,4.1151,0,0.3067,TRUE
"fig22","88-5","Galago senegalensis","D1","complete",1610.2223,2.3762,0.4646,0.4646,0,2.3762,0,0.4119,TRUE
"fig22","88-5","Galago senegalensis","DL","complete",9794.8887,14.4544,2.8263,2.8263,0,14.4544,0,0.2453,TRUE
"fig22","88-5","Galago senegalensis","DM","complete",2821.2222,4.1633,0.8141,0.8141,0,4.1633,0,0.3137,TRUE
"fig22","88-5","Galago senegalensis","FEF","complete",1162.4443,1.7154,0.3354,0.3354,0,1.7154,0,0.3551,TRUE
"fig22","88-5","Galago senegalensis","FST","complete",7058.667,10.4166,2.0368,2.0368,0,10.4166,0,0.2584,TRUE
"fig22","88-5","Galago senegalensis","FV","complete",2099.8889,3.0988,0.6059,0.6059,0,3.0988,0,0.3074,TRUE
"fig22","88-5","Galago senegalensis","M","complete",8769,12.9405,2.5303,2.5303,0,12.9405,0,0.3013,TRUE
"fig22","88-5","Galago senegalensis","MST","complete",7372,10.8789,2.1272,2.1272,0,10.8789,0,0.2346,TRUE
"fig22","88-5","Galago senegalensis","MT","complete",8231.7773,12.1477,2.3753,2.3753,0,12.1477,0,0.2292,TRUE
"fig22","88-5","Galago senegalensis","PV","complete",1609.2222,2.3747,0.4643,0.4643,0,2.3747,0,0.3539,TRUE
"fig22","88-5","Galago senegalensis","SII","complete",1582.3334,2.3351,0.4566,0.4566,0,2.3351,0,0.3469,TRUE
"fig23","88-10","Galago senegalensis","17","complete",50812.4453,115.0068,14.5045,14.5045,0,115.0068,0,0.2236,TRUE
"fig23","88-10","Galago senegalensis","18","complete",28057.5547,63.5043,8.0091,8.0091,0,63.5043,0,0.2726,TRUE
"fig23","88-10","Galago senegalensis","3b","complete",15480.001,35.0368,4.4188,4.4188,0,35.0368,0,0.2637,TRUE
"fig23","88-10","Galago senegalensis","AI","complete",3518.2222,7.963,1.0043,1.0043,0,7.963,0,0.3176,TRUE
"fig23","88-10","Galago senegalensis","DL","complete",9261,20.961,2.6436,2.6436,0,20.961,0,0.2846,TRUE
"fig23","88-10","Galago senegalensis","DM","complete",3404.7778,7.7062,0.9719,0.9719,0,7.7062,0,0.34,TRUE
"fig23","88-10","Galago senegalensis","FST","complete",8763.7783,19.8356,2.5016,2.5016,0,19.8356,0,0.2947,TRUE
"fig23","88-10","Galago senegalensis","MI","complete",6499,14.7096,1.8551,1.8551,0,14.7096,0,0.312,TRUE
"fig23","88-10","Galago senegalensis","MST","complete",5866.7778,13.2786,1.6747,1.6747,0,13.2786,0,0.3078,TRUE
"fig23","88-10","Galago senegalensis","MT","complete",8191.8892,18.5412,2.3384,2.3384,0,18.5412,0,0.2685,TRUE
"fig23","88-10","Galago senegalensis","SII","complete",1602.6666,3.6274,0.4575,0.4575,0,3.6274,0,0.4003,TRUE
"fig24","88-11","Galago senegalensis","17","complete",53686.5547,100.8208,16.4675,16.4675,0,100.8208,0,0.2038,TRUE
"fig24","88-11","Galago senegalensis","18","complete",16581.1113,31.1385,5.086,5.086,0,31.1385,0,0.2671,TRUE
"fig24","88-11","Galago senegalensis","3b","complete",21116.7773,39.6563,6.4772,6.4772,0,39.6563,0,0.234,TRUE
"fig24","88-11","Galago senegalensis","AI","complete",4063,7.6301,1.2463,1.2463,0,7.6301,0,0.2952,TRUE
"fig24","88-11","Galago senegalensis","D1","complete",3106.4448,5.8338,0.9529,0.9529,0,5.8338,0,0.3376,TRUE
"fig24","88-11","Galago senegalensis","DL","complete",7053.4443,13.246,2.1635,2.1635,0,13.246,0,0.2745,TRUE
"fig24","88-11","Galago senegalensis","DM","complete",3088,5.7991,0.9472,0.9472,0,5.7991,0,0.3507,TRUE
"fig24","88-11","Galago senegalensis","FST","complete",9425.334,17.7003,2.8911,2.8911,0,17.7003,0,0.2627,TRUE
"fig24","88-11","Galago senegalensis","FV","complete",1712.4443,3.2159,0.5253,0.5253,0,3.2159,0,0.3457,TRUE
"fig24","88-11","Galago senegalensis","M","complete",7134.2222,13.3977,2.1883,2.1883,0,13.3977,0,0.3131,TRUE
"fig24","88-11","Galago senegalensis","MST","complete",4522.4443,8.4929,1.3872,1.3872,0,8.4929,0,0.2855,TRUE
"fig24","88-11","Galago senegalensis","MT","complete",6503.1113,12.2125,1.9947,1.9947,0,12.2125,0,0.2588,TRUE
"fig24","88-11","Galago senegalensis","PV","complete",2456.4443,4.6131,0.7535,0.7535,0,4.6131,0,0.3464,TRUE
"fig24","88-11","Galago senegalensis","SII","complete",1851.7778,3.4776,0.568,0.568,0,3.4776,0,0.361,TRUE
