"species","field","flatmap_n","flatmap_mean","flatmap_sd","flatmap_min","flatmap_max","table1_n","table1_mean","table1_sd","table1_min","table1_max","mean_diff_flatmap_minus_table1","mean_ratio_flatmap_over_table1","flatmap_mean_within_table1_range","pooled_sd","standardized_diff","welch_p"
"Squirrel monkey","17",5,18.8354,1.5164,17.0046,20.4871,6,18.2167,2.3887,13.7,19.9,0.6188,1.034,TRUE,2.0474,0.3022,0.6157
"Squirrel monkey","18",5,7.7809,0.8494,6.7148,8.8804,6,8.0333,1.1378,6.5,9.4,-0.2525,0.9686,TRUE,1.0198,-0.2476,0.6839
"Squirrel monkey","DL",5,4.2494,0.6507,3.4717,5.2047,6,4.4,0.772,3.4,5.7,-0.1506,0.9658,TRUE,0.7206,-0.209,0.7336
"Squirrel monkey","DM",5,1.2099,0.1221,1.0061,1.3053,6,1.3833,0.2229,1.2,1.8,-0.1734,0.8746,TRUE,0.185,-0.9375,0.141
"Squirrel monkey","D1",5,0.9165,0.198,0.7186,1.229,6,1.1,0.2,0.9,1.4,-0.1835,0.8332,TRUE,0.1991,-0.9218,0.1631
"Squirrel monkey","FST",5,2.6045,0.5365,1.7826,3.1902,6,2.8333,0.3141,2.4,3.2,-0.2288,0.9192,TRUE,0.4275,-0.5353,0.4315
"Squirrel monkey","MT",5,1.261,0.2769,0.9355,1.6443,6,1.3833,0.1941,1.1,1.6,-0.1223,0.9116,TRUE,0.2345,-0.5217,0.4327
"Squirrel monkey","MST",5,0.9249,0.2662,0.6159,1.2755,6,1.3333,0.2658,1.1,1.8,-0.4084,0.6937,FALSE,0.266,-1.5355,0.0329
"Squirrel monkey","Total",5,37.7825,2.5236,33.8028,40.8363,6,38.6833,1.9793,35.9,41.2,-0.9008,0.9767,TRUE,2.2376,-0.4026,0.5356
"Owl monkey","17",2,16.9248,2.6625,15.0421,18.8075,4,13.675,4.9527,6.7,18.4,3.2498,1.2376,TRUE,4.491,0.7236,0.3591
"Owl monkey","18",2,8.2054,0.0664,8.1585,8.2524,4,7.625,1.8945,5,9.2,0.5804,1.0761,TRUE,1.641,0.3537,0.5836
"Owl monkey","DL",3,2.9135,0.4856,2.3528,3.2014,4,3.3,0.8287,2.2,4.2,-0.3865,0.8829,TRUE,0.7116,-0.5432,0.4757
"Owl monkey","DM",3,2.0739,0.5624,1.7427,2.7233,4,1.825,0.3948,1.5,2.4,0.2489,1.1364,TRUE,0.4691,0.5307,0.5536
"Owl monkey","D1",3,1.3629,0.3139,1.0244,1.6443,4,1.55,0.2082,1.3,1.8,-0.1871,0.8793,TRUE,0.2558,-0.7314,0.4312
"Owl monkey","FST",3,1.6085,0.2346,1.4106,1.8676,4,1.7,0.4243,1.2,2.1,-0.0915,0.9462,TRUE,0.3606,-0.2538,0.7318
"Owl monkey","MT",3,1.7151,0.3962,1.2747,2.0425,4,1.75,0.3317,1.3,2.1,-0.0349,0.98,TRUE,0.3589,-0.0973,0.9077
"Owl monkey","MST",3,1.4048,0.3879,1.0082,1.7833,4,1.475,0.3304,1.1,1.8,-0.0702,0.9524,TRUE,0.3545,-0.198,0.8134
"Owl monkey","Total",2,37.2668,2.3908,35.5763,38.9573,4,32.9,5.5456,27.1,38.8,4.3668,1.1327,TRUE,4.9491,0.8823,0.2501
"Marmoset","17",2,18.8294,1.2581,17.9398,19.719,6,18.25,2.5485,15.7,22.3,0.5794,1.0317,TRUE,2.3825,0.2432,0.6935
"Marmoset","18",2,9.256,0.7366,8.7351,9.7768,6,8.7,0.7589,7.5,9.6,0.556,1.0639,TRUE,0.7553,0.7361,0.4655
"Marmoset","DL",2,3.4852,0.3247,3.2557,3.7148,6,3.8,0.4648,3.1,4.4,-0.3148,0.9172,TRUE,0.4445,-0.7082,0.379
"Marmoset","DM",2,1.1766,0.3869,0.903,1.4502,6,1.4,0.2366,1.1,1.8,-0.2234,0.8404,TRUE,0.2676,-0.8347,0.5594
"Marmoset","D1",2,1.7043,0.4535,1.3837,2.025,6,2.1333,0.3777,1.7,2.8,-0.429,0.7989,TRUE,0.3914,-1.0962,0.3843
"Marmoset","FST",2,2.2533,0.0393,2.2255,2.2811,6,2.3,0.3742,1.7,2.7,-0.0467,0.9797,TRUE,0.3419,-0.1365,0.7751
"Marmoset","MT",2,2.0969,0.0024,2.0952,2.0986,6,1.8333,0.2944,1.5,2.3,0.2636,1.1438,TRUE,0.2687,0.9807,0.0798
"Marmoset","MST",2,1.5556,0.0811,1.4982,1.6129,6,1.3833,0.2563,1.1,1.7,0.1722,1.1245,TRUE,0.2363,0.729,0.2004
"Marmoset","Total",2,40.3573,0.5994,39.9334,40.7811,6,39.8,2.3958,36.4,43.1,0.5573,1.014,TRUE,2.2007,0.2532,0.6199
"Galago","17",3,17.0157,2.8255,14.5045,20.0751,4,16.25,2.5146,13.5,19.6,0.7657,1.0471,TRUE,2.6434,0.2897,0.7284
"Galago","18",3,6.4586,1.4696,5.086,8.0091,4,5.95,1.7464,4.4,8,0.5086,1.0855,TRUE,1.6413,0.3099,0.694
"Galago","DL",3,2.5445,0.3423,2.1635,2.8263,4,2.5,0.3742,2,2.9,0.0445,1.0178,TRUE,0.3618,0.1229,0.877
"Galago","DM",3,0.9111,0.0849,0.8141,0.9719,4,0.85,0.2517,0.6,1.2,0.0611,1.0718,TRUE,0.2022,0.3019,0.6755
"Galago","D1",2,0.7087,0.3452,0.4646,0.9529,4,1.1,0.3162,0.7,1.4,-0.3913,0.6443,TRUE,0.3237,-1.2086,0.3164
"Galago","FST",3,2.4765,0.4277,2.0368,2.8911,4,2.35,0.4359,1.8,2.7,0.1265,1.0538,TRUE,0.4326,0.2924,0.7184
"Galago","MT",3,2.2361,0.2099,1.9947,2.3753,4,2.175,0.2754,1.9,2.5,0.0611,1.0281,TRUE,0.2512,0.2433,0.7525
"Galago","MST",3,1.7297,0.3731,1.3872,2.1272,4,1.9,0.3559,1.4,2.2,-0.1703,0.9104,TRUE,0.3629,-0.4694,0.5727
"Galago","Total",2,34.4451,3.6134,31.89,37.0001,4,33.1,3.1927,30.3,37.4,1.3451,1.0406,TRUE,3.3029,0.4072,0.7023
