"species","case","specimen","map_id","field","value","table1_min","table1_max","table1_mean","table1_sd","within_table1_range","z_vs_table1"
"Squirrel monkey",1,"87-35","fig12","17",19.8068,13.7,19.9,18.2167,2.3887,TRUE,0.6657
"Squirrel monkey",1,"87-35","fig12","18",8.8804,6.5,9.4,8.0333,1.1378,TRUE,0.7444
"Squirrel monkey",1,"87-35","fig12","DL",5.2047,3.4,5.7,4.4,0.772,TRUE,1.0424
"Squirrel monkey",1,"87-35","fig12","DM",1.3053,1.2,1.8,1.3833,0.2229,TRUE,-0.3502
"Squirrel monkey",1,"87-35","fig12","D1",0.8464,0.9,1.4,1.1,0.2,FALSE,-1.268
"Squirrel monkey",1,"87-35","fig12","FST",2.9201,2.4,3.2,2.8333,0.3141,TRUE,0.2761
"Squirrel monkey",1,"87-35","fig12","MT",1.0546,1.1,1.6,1.3833,0.1941,FALSE,-1.6936
"Squirrel monkey",1,"87-35","fig12","MST",0.818,1.1,1.8,1.3333,0.2658,FALSE,-1.9385
"Squirrel monkey",1,"87-35","fig12","Total",40.8363,35.9,41.2,38.6833,1.9793,TRUE,1.0877
"Squirrel monkey",2,"87-16","fig13","17",17.4748,13.7,19.9,18.2167,2.3887,TRUE,-0.3106
"Squirrel monkey",2,"87-16","fig13","18",8.2807,6.5,9.4,8.0333,1.1378,TRUE,0.2174
"Squirrel monkey",2,"87-16","fig13","DL",4.1454,3.4,5.7,4.4,0.772,TRUE,-0.3298
"Squirrel monkey",2,"87-16","fig13","DM",1.2316,1.2,1.8,1.3833,0.2229,TRUE,-0.6808
"Squirrel monkey",2,"87-16","fig13","D1",0.8105,0.9,1.4,1.1,0.2,FALSE,-1.4477
"Squirrel monkey",2,"87-16","fig13","FST",3.1902,2.4,3.2,2.8333,0.3141,TRUE,1.1361
"Squirrel monkey",2,"87-16","fig13","MT",1.6443,1.1,1.6,1.3833,0.1941,FALSE,1.3447
"Squirrel monkey",2,"87-16","fig13","MST",1.2755,1.1,1.8,1.3333,0.2658,TRUE,-0.2175
"Squirrel monkey",2,"87-16","fig13","Total",38.053,35.9,41.2,38.6833,1.9793,TRUE,-0.3185
"Squirrel monkey",3,"86-23","fig14","17",19.4037,13.7,19.9,18.2167,2.3887,TRUE,0.497
"Squirrel monkey",3,"86-23","fig14","18",7.7869,6.5,9.4,8.0333,1.1378,TRUE,-0.2166
"Squirrel monkey",3,"86-23","fig14","DL",3.9273,3.4,5.7,4.4,0.772,TRUE,-0.6123
"Squirrel monkey",3,"86-23","fig14","DM",1.302,1.2,1.8,1.3833,0.2229,TRUE,-0.3649
"Squirrel monkey",3,"86-23","fig14","D1",1.229,0.9,1.4,1.1,0.2,TRUE,0.6452
"Squirrel monkey",3,"86-23","fig14","FST",2.4425,2.4,3.2,2.8333,0.3141,TRUE,-1.2441
"Squirrel monkey",3,"86-23","fig14","MT",1.325,1.1,1.6,1.3833,0.1941,TRUE,-0.3008
"Squirrel monkey",3,"86-23","fig14","MST",0.7973,1.1,1.8,1.3333,0.2658,FALSE,-2.0165
"Squirrel monkey",3,"86-23","fig14","Total",38.2138,35.9,41.2,38.6833,1.9793,TRUE,-0.2372
"Squirrel monkey",4,"87-15","fig15","17",20.4871,13.7,19.9,18.2167,2.3887,FALSE,0.9505
"Squirrel monkey",4,"87-15","fig15","18",6.7148,6.5,9.4,8.0333,1.1378,TRUE,-1.1588
"Squirrel monkey",4,"87-15","fig15","DL",3.4717,3.4,5.7,4.4,0.772,TRUE,-1.2024
"Squirrel monkey",4,"87-15","fig15","DM",1.2046,1.2,1.8,1.3833,0.2229,TRUE,-0.8019
"Squirrel monkey",4,"87-15","fig15","D1",0.9779,0.9,1.4,1.1,0.2,TRUE,-0.6106
"Squirrel monkey",4,"87-15","fig15","FST",2.6871,2.4,3.2,2.8333,0.3141,TRUE,-0.4654
"Squirrel monkey",4,"87-15","fig15","MT",1.3455,1.1,1.6,1.3833,0.1941,TRUE,-0.1948
"Squirrel monkey",4,"87-15","fig15","MST",1.1179,1.1,1.8,1.3333,0.2658,TRUE,-0.8104
"Squirrel monkey",4,"87-15","fig15","Total",38.0068,35.9,41.2,38.6833,1.9793,TRUE,-0.3418
"Squirrel monkey",5,"87-25","fig16","17",17.0046,13.7,19.9,18.2167,2.3887,TRUE,-0.5074
"Squirrel monkey",5,"87-25","fig16","18",7.2415,6.5,9.4,8.0333,1.1378,TRUE,-0.6959
"Squirrel monkey",5,"87-25","fig16","DL",4.4979,3.4,5.7,4.4,0.772,TRUE,0.1269
"Squirrel monkey",5,"87-25","fig16","DM",1.0061,1.2,1.8,1.3833,0.2229,FALSE,-1.6927
"Squirrel monkey",5,"87-25","fig16","D1",0.7186,0.9,1.4,1.1,0.2,FALSE,-1.9071
"Squirrel monkey",5,"87-25","fig16","FST",1.7826,2.4,3.2,2.8333,0.3141,FALSE,-3.3451
"Squirrel monkey",5,"87-25","fig16","MT",0.9355,1.1,1.6,1.3833,0.1941,FALSE,-2.3073
"Squirrel monkey",5,"87-25","fig16","MST",0.6159,1.1,1.8,1.3333,0.2658,FALSE,-2.6989
"Squirrel monkey",5,"87-25","fig16","Total",33.8028,35.9,41.2,38.6833,1.9793,FALSE,-2.4658
"Owl monkey",1,"88-7","fig17","17",18.8075,6.7,18.4,13.675,4.9527,FALSE,1.0363
"Owl monkey",1,"88-7","fig17","18",8.1585,5,9.2,7.625,1.8945,TRUE,0.2816
"Owl monkey",1,"88-7","fig17","DL",3.1863,2.2,4.2,3.3,0.8287,TRUE,-0.1373
"Owl monkey",1,"88-7","fig17","DM",2.7233,1.5,2.4,1.825,0.3948,FALSE,2.2755
"Owl monkey",1,"88-7","fig17","D1",1.4202,1.3,1.8,1.55,0.2082,TRUE,-0.6237
"Owl monkey",1,"88-7","fig17","FST",1.4106,1.2,2.1,1.7,0.4243,TRUE,-0.6821
"Owl monkey",1,"88-7","fig17","MT",1.828,1.3,2.1,1.75,0.3317,TRUE,0.2352
"Owl monkey",1,"88-7","fig17","MST",1.423,1.1,1.8,1.475,0.3304,TRUE,-0.1574
"Owl monkey",1,"88-7","fig17","Total",38.9573,27.1,38.8,32.9,5.5456,FALSE,1.0923
"Owl monkey",2,"87-54","fig18","17",15.0421,6.7,18.4,13.675,4.9527,TRUE,0.276
"Owl monkey",2,"87-54","fig18","18",8.2524,5,9.2,7.625,1.8945,TRUE,0.3312
"Owl monkey",2,"87-54","fig18","DL",3.2014,2.2,4.2,3.3,0.8287,TRUE,-0.119
"Owl monkey",2,"87-54","fig18","DM",1.7427,1.5,2.4,1.825,0.3948,TRUE,-0.2085
"Owl monkey",2,"87-54","fig18","D1",1.6443,1.3,1.8,1.55,0.2082,TRUE,0.4529
"Owl monkey",2,"87-54","fig18","FST",1.8676,1.2,2.1,1.7,0.4243,TRUE,0.3951
"Owl monkey",2,"87-54","fig18","MT",2.0425,1.3,2.1,1.75,0.3317,TRUE,0.8821
"Owl monkey",2,"87-54","fig18","MST",1.7833,1.1,1.8,1.475,0.3304,TRUE,0.9331
"Owl monkey",2,"87-54","fig18","Total",35.5763,27.1,38.8,32.9,5.5456,TRUE,0.4826
"Owl monkey",3,"88-16","fig19","DL",2.3528,2.2,4.2,3.3,0.8287,TRUE,-1.143
"Owl monkey",3,"88-16","fig19","DM",1.7558,1.5,2.4,1.825,0.3948,TRUE,-0.1754
"Owl monkey",3,"88-16","fig19","D1",1.0244,1.3,1.8,1.55,0.2082,FALSE,-2.525
"Owl monkey",3,"88-16","fig19","FST",1.5473,1.2,2.1,1.7,0.4243,TRUE,-0.36
"Owl monkey",3,"88-16","fig19","MT",1.2747,1.3,2.1,1.75,0.3317,FALSE,-1.4331
"Owl monkey",3,"88-16","fig19","MST",1.0082,1.1,1.8,1.475,0.3304,FALSE,-1.4129
"Marmoset",1,"87-53","fig20","17",17.9398,15.7,22.3,18.25,2.5485,TRUE,-0.1217
"Marmoset",1,"87-53","fig20","18",9.7768,7.5,9.6,8.7,0.7589,FALSE,1.4188
"Marmoset",1,"87-53","fig20","DL",3.7148,3.1,4.4,3.8,0.4648,TRUE,-0.1834
"Marmoset",1,"87-53","fig20","DM",1.4502,1.1,1.8,1.4,0.2366,TRUE,0.2123
"Marmoset",1,"87-53","fig20","D1",2.025,1.7,2.8,2.1333,0.3777,TRUE,-0.2869
"Marmoset",1,"87-53","fig20","FST",2.2811,1.7,2.7,2.3,0.3742,TRUE,-0.0505
"Marmoset",1,"87-53","fig20","MT",2.0952,1.5,2.3,1.8333,0.2944,TRUE,0.8896
"Marmoset",1,"87-53","fig20","MST",1.4982,1.1,1.7,1.3833,0.2563,TRUE,0.4483
"Marmoset",1,"87-53","fig20","Total",40.7811,36.4,43.1,39.8,2.3958,TRUE,0.4095
"Marmoset",2,"87-51","fig21","17",19.719,15.7,22.3,18.25,2.5485,TRUE,0.5764
"Marmoset",2,"87-51","fig21","18",8.7351,7.5,9.6,8.7,0.7589,TRUE,0.0462
"Marmoset",2,"87-51","fig21","DL",3.2557,3.1,4.4,3.8,0.4648,TRUE,-1.1712
"Marmoset",2,"87-51","fig21","DM",0.903,1.1,1.8,1.4,0.2366,FALSE,-2.1001
"Marmoset",2,"87-51","fig21","D1",1.3837,1.7,2.8,2.1333,0.3777,FALSE,-1.9848
"Marmoset",2,"87-51","fig21","FST",2.2255,1.7,2.7,2.3,0.3742,TRUE,-0.199
"Marmoset",2,"87-51","fig21","MT",2.0986,1.5,2.3,1.8333,0.2944,TRUE,0.901
"Marmoset",2,"87-51","fig21","MST",1.6129,1.1,1.7,1.3833,0.2563,TRUE,0.8959
"Marmoset",2,"87-51","fig21","Total",39.9334,36.4,43.1,39.8,2.3958,TRUE,0.0557
"Galago",1,"88-5","fig22","17",20.0751,13.5,19.6,16.25,2.5146,FALSE,1.5212
"Galago",1,"88-5","fig22","18",6.2808,4.4,8,5.95,1.7464,TRUE,0.1894
"Galago",1,"88-5","fig22","DL",2.8263,2,2.9,2.5,0.3742,TRUE,0.8721
"Galago",1,"88-5","fig22","DM",0.8141,0.6,1.2,0.85,0.2517,TRUE,-0.1428
"Galago",1,"88-5","fig22","D1",0.4646,0.7,1.4,1.1,0.3162,FALSE,-2.0092
"Galago",1,"88-5","fig22","FST",2.0368,1.8,2.7,2.35,0.4359,TRUE,-0.7186
"Galago",1,"88-5","fig22","MT",2.3753,1.9,2.5,2.175,0.2754,TRUE,0.7273
"Galago",1,"88-5","fig22","MST",2.1272,1.4,2.2,1.9,0.3559,TRUE,0.6383
"Galago",1,"88-5","fig22","Total",37.0001,30.3,37.4,33.1,3.1927,TRUE,1.2216
"Galago",2,"88-10","fig23","17",14.5045,13.5,19.6,16.25,2.5146,TRUE,-0.6942
"Galago",2,"88-10","fig23","18",8.0091,4.4,8,5.95,1.7464,FALSE,1.179
"Galago",2,"88-10","fig23","DL",2.6436,2,2.9,2.5,0.3742,TRUE,0.3837
"Galago",2,"88-10","fig23","DM",0.9719,0.6,1.2,0.85,0.2517,TRUE,0.4844
"Galago",2,"88-10","fig23","FST",2.5016,1.8,2.7,2.35,0.4359,TRUE,0.3479
"Galago",2,"88-10","fig23","MT",2.3384,1.9,2.5,2.175,0.2754,TRUE,0.5933
"Galago",2,"88-10","fig23","MST",1.6747,1.4,2.2,1.9,0.3559,TRUE,-0.6331
"Galago",3,"88-11","fig24","17",16.4675,13.5,19.6,16.25,2.5146,TRUE,0.0865
"Galago",3,"88-11","fig24","18",5.086,4.4,8,5.95,1.7464,TRUE,-0.4947
"Galago",3,"88-11","fig24","DL",2.1635,2,2.9,2.5,0.3742,TRUE,-0.8993
"Galago",3,"88-11","fig24","DM",0.9472,0.6,1.2,0.85,0.2517,TRUE,0.3862
"Galago",3,"88-11","fig24","D1",0.9529,0.7,1.4,1.1,0.3162,TRUE,-0.4653
"Galago",3,"88-11","fig24","FST",2.8911,1.8,2.7,2.35,0.4359,FALSE,1.2413
"Galago",3,"88-11","fig24","MT",1.9947,1.9,2.5,2.175,0.2754,TRUE,-0.6547
"Galago",3,"88-11","fig24","MST",1.3872,1.4,2.2,1.9,0.3559,FALSE,-1.4409
"Galago",3,"88-11","fig24","Total",31.89,30.3,37.4,33.1,3.1927,TRUE,-0.379
