"Case number","17","18","DL","DM","D1","FST","MT","MST","Total"
"Squirrel monkey",,,,,,,,,
"1",19.81,8.88,5.2,1.31,0.85,2.92,1.05,0.82,40.84
"2",17.47,8.28,4.15,1.23,0.81,3.19,1.64,1.28,38.05
"3",19.4,7.79,3.93,1.3,1.23,2.44,1.32,0.8,38.21
"4",20.49,6.71,3.47,1.2,0.98,2.69,1.35,1.12,38.01
"5",17,7.24,4.5,1.01,0.72,1.78,0.94,0.62,33.8
"6",,,,,,,,,
"Mean %",18.84,7.78,4.25,1.21,0.92,2.6,1.26,0.92,37.78
"Std Dev",1.52,0.85,0.65,0.12,0.2,0.54,0.28,0.27,2.52
"Owl monkey",,,,,,,,,
"1",18.81,8.16,3.19,2.72,1.42,1.41,1.83,1.42,38.96
"2",15.04,8.25,3.2,1.74,1.64,1.87,2.04,1.78,35.58
"3",,,2.35,1.76,1.02,1.55,1.27,1.01,
"4",,,,,,,,,
"Mean %",16.92,8.21,2.91,2.07,1.36,1.61,1.72,1.4,37.27
"Std Dev",2.66,0.07,0.49,0.56,0.31,0.23,0.4,0.39,2.39
"Marmoset",,,,,,,,,
"1",17.94,9.78,3.71,1.45,2.02,2.28,2.1,1.5,40.78
"2",19.72,8.74,3.26,0.9,1.38,2.23,2.1,1.61,39.93
"3",,,,,,,,,
"4",,,,,,,,,
"5",,,,,,,,,
"6",,,,,,,,,
"Mean %",18.83,9.26,3.49,1.18,1.7,2.25,2.1,1.56,40.36
"Std Dev",1.26,0.74,0.32,0.39,0.45,0.04,0,0.08,0.6
"Galago",,,,,,,,,
"1",20.08,6.28,2.83,0.81,0.46,2.04,2.38,2.13,37
"2",14.5,8.01,2.64,0.97,,2.5,2.34,1.67,
"3",16.47,5.09,2.16,0.95,0.95,2.89,1.99,1.39,31.89
"4",,,,,,,,,
"Mean %",17.02,6.46,2.54,0.91,0.71,2.48,2.24,1.73,34.45
"Std Dev",2.83,1.47,0.34,0.08,0.35,0.43,0.21,0.37,3.61
