"Species","Case number","specimen","figure","map_id"
"Squirrel monkey",1,"87-35",12,"fig12"
"Squirrel monkey",2,"87-16",13,"fig13"
"Squirrel monkey",3,"86-23",14,"fig14"
"Squirrel monkey",4,"87-15",15,"fig15"
"Squirrel monkey",5,"87-25",16,"fig16"
"Squirrel monkey",6,,,
"Owl monkey",1,"88-7",17,"fig17"
"Owl monkey",2,"87-54",18,"fig18"
"Owl monkey",3,"88-16",19,"fig19"
"Owl monkey",4,,,
"Marmoset",1,"87-53",20,"fig20"
"Marmoset",2,"87-51",21,"fig21"
"Marmoset",3,,,
"Marmoset",4,,,
"Marmoset",5,,,
"Marmoset",6,,,
"Galago",1,"88-5",22,"fig22"
"Galago",2,"88-10",23,"fig23"
"Galago",3,"88-11",24,"fig24"
"Galago",4,,,
