"source","field","n_values","n_species","grand_mean","sd_within_species_pooled","sd_between_species_means","cv_within_species","cv_between_species","ratio_between_to_within_sd","icc_species","anova_F","anova_p","n_within_individual_pairs","mean_ratio_view_over_main","cv_within_individual_repeat","cv_within_individual_repeat_all_fields","cv_sensitivity_halfwidth","ratio_within_species_to_within_individual"
"Flatmap","17",12,4,18.061,2.0566,1.0758,0.1139,0.0596,0.5231,0,0.7912,0.5321,0,,,0.1672,0.1204,
"Flatmap","18",12,4,7.7669,0.9844,1.1578,0.1267,0.1491,1.1761,0.4611,3.4242,0.0728,0,,,0.1672,0.1826,
"Flatmap","DL",13,4,3.4301,0.5276,0.7429,0.1538,0.2166,1.4082,0.685,7.8036,0.0071,1,1.6488,,0.1672,0.159,
"Flatmap","DM",13,4,1.3352,0.3085,0.5054,0.231,0.3785,1.6384,0.6935,8.077,0.0064,0,,,0.1672,0.2487,
"Flatmap","D1",12,4,1.1248,0.2913,0.4471,0.2589,0.3975,1.5351,0.6147,5.5208,0.0238,0,,,0.1672,0.286,
"Flatmap","FST",13,4,2.2911,0.4254,0.4426,0.1857,0.1932,1.0404,0.4609,3.6746,0.0562,2,1.3035,0.1769,0.1672,0.1772,1.0496
"Flatmap","MT",13,4,1.7194,0.2806,0.4371,0.1632,0.2542,1.5576,0.72,9.0449,0.0044,8,0.9865,0.1405,0.1672,0.1933,1.1612
"Flatmap","MST",13,4,1.3184,0.3108,0.3457,0.2357,0.2622,1.1124,0.5542,4.8888,0.0277,4,1.2101,0.1113,0.1672,0.228,2.1182
"Flatmap","Total",11,4,37.5501,2.5243,2.4239,0.0672,0.0646,0.9602,0.2516,1.8556,0.2253,0,,,0.1672,,
"Table 1","17",20,4,16.925,3.098,2.1613,0.183,0.1277,0.6977,0.2014,2.2442,0.1225,,,,,,
"Table 1","18",20,4,7.735,1.3526,1.1717,0.1749,0.1515,0.8663,0.3315,3.4464,0.0419,,,,,,
"Table 1","DL",20,4,3.62,0.6393,0.8042,0.1766,0.2221,1.2578,0.5708,7.5613,0.0023,,,,,,
"Table 1","DM",20,4,1.37,0.2722,0.3993,0.1987,0.2915,1.4668,0.6069,8.618,0.0012,,,,,,
"Table 1","D1",20,4,1.5,0.2898,0.49,0.1932,0.3266,1.691,0.7518,15.9471,0,,,,,,
"Table 1","FST",20,4,2.35,0.3794,0.4644,0.1615,0.1976,1.2239,0.5566,7.1934,0.0028,,,,,,
"Table 1","MT",20,4,1.75,0.2715,0.3251,0.1551,0.1857,1.1974,0.5531,7.1048,0.003,,,,,,
"Table 1","MST",20,4,1.49,0.2947,0.2581,0.1978,0.1733,0.8761,0.3284,3.4124,0.0431,,,,,,
"Table 1","Total",20,4,36.745,3.2704,3.6333,0.089,0.0989,1.111,0.5007,5.9471,0.0063,,,,,,
