figure,pdf_page,printed_page,specimen,species,neocortex_mm2,neocortex_pixels,measured_fields,unmeasured_labels,calibration,source_image,traced_image,roi_vertices,status
12,18,182,87-35,Saimiri sciureus,2925.3987567914664,316442,16,5,visible scale line,../figures/fig12/source.tif,../figures/fig12/tracing.png,../figures/fig12/rois.json,"provisional, trace review required"
13,19,183,87-16,Saimiri sciureus,3319.902605037024,305984,17,3,visible scale line,../figures/fig13/source.tif,../figures/fig13/tracing.png,../figures/fig13/rois.json,"provisional, trace review required"
14,20,184,86-23,Saimiri sciureus,3078.55381958844,284782,15,3,visible scale line,../figures/fig14/source.tif,../figures/fig14/tracing.png,../figures/fig14/rois.json,"provisional, trace review required"
15,21,185,87-15,Saimiri sciureus,2951.298521648875,357364,16,4,visible scale line,../figures/fig15/source.tif,../figures/fig15/tracing.png,../figures/fig15/rois.json,"provisional, trace review required"
16,22,186,87-25,Saimiri sciureus,2135.0067561959454,332231,16,5,visible scale line,../figures/fig16/source.tif,../figures/fig16/tracing.png,../figures/fig16/rois.json,"provisional, trace review required"
17,23,187,88-7,Aotus trivirgatus,1812.7476811291324,355614,10,2,visible scale line,../figures/fig17/source.tif,../figures/fig17/tracing.png,../figures/fig17/rois.json,"provisional, trace review required"
18,24,188,87-54,Aotus trivirgatus,1467.7442981620402,353731,15,4,visible scale line,../figures/fig18/source.tif,../figures/fig18/tracing.png,../figures/fig18/rois.json,"provisional, trace review required"
19,25,189,88-16,Aotus trivirgatus,,359210,11,6,line absent; proportions only,../figures/fig19/source.tif,../figures/fig19/tracing.png,../figures/fig19/rois.json,"provisional, trace review required"
20,26,190,87-53,Callithrix jacchus,654.6020802377416,550684,15,4,visible scale line,../figures/fig20/source.tif,../figures/fig20/tracing.png,../figures/fig20/rois.json,"provisional, trace review required"
21,27,191,87-51,Callithrix jacchus,588.2144899322684,382504,15,4,visible scale line,../figures/fig21/source.tif,../figures/fig21/tracing.png,../figures/fig21/rois.json,"provisional, trace review required"
22,28,192,88-5,Galago senegalensis,511.4242264604425,346561,15,3,visible scale line,../figures/fig22/source.tif,../figures/fig22/tracing.png,../figures/fig22/rois.json,"provisional, trace review required"
23,29,193,88-10,Galago senegalensis,792.9067543078756,350323,11,3,visible scale line,../figures/fig23/source.tif,../figures/fig23/tracing.png,../figures/fig23/rois.json,"provisional, trace review required"
24,30,194,88-11,Galago senegalensis,612.2426352864367,326016,14,2,visible scale line,../figures/fig24/source.tif,../figures/fig24/tracing.png,../figures/fig24/rois.json,"provisional, trace review required"
