row,species,first_author,year,doi,title,file,status,source,detail,note,online,doi_link,scholar,placed
0,Microcebus murinus,Saraf,2019,10.1002/cne.24419,Architectonic features and relative locations of primary sensory and related areas of neoc,Saraf_etal_2019.pdf,FOUND,endnote:PDF/3891252544/Saraf-2018-Architectonic features and relative.pdf,EndNote [5002] doi ov=1.0 how=doi; pdfs=1,,,https://doi.org/10.1002/cne.24419,,True
1,Cavia porcellus,Campos,1976,10.1159/000123814,"Comparisons between brains of a large and a small hystricomorph rodent: Capybara, Hydrocho",Campos_Welker_1976.pdf,FOUND,endnote:PDF/3922957434/Campos-1976-Comparisons between.pdf,EndNote [2478] doi ov=1.0 how=doi; pdfs=1,,,https://doi.org/10.1159/000123814,,True
2,Hydrochoerus hydrochaeris,Campos,1976,10.1159/000123814,"Comparisons between brains of a large and a small hystricomorph rodent: Capybara, Hydrocho",,duplicate-of-row,,same paper as row 1,,,https://doi.org/10.1159/000123814,,
3,Heterocephalus glaber,Catania,2002,10.1073/pnas.072097999,Somatosensory cortex dominated by the representation of teeth in the naked mole-rat brain,Catania_Remple_2002.pdf,FOUND,endnote:PDF/0596769256/Catania-2002-Somatosensory cortex dominated by.pdf,EndNote [4717] doi ov=1.0 how=doi; pdfs=1,,,https://doi.org/10.1073/pnas.072097999,,True
4,Heterocephalus glaber,Henry,2006,10.1002/cne.20883,Organization of somatosensory cortical areas in the naked mole-rat (Heterocephalus glaber),Henry_etal_2006.pdf,FOUND,endnote:PDF/1416023180/Henry-2006-Organization of somatosensory corti.pdf,EndNote [4636] doi ov=1.0 how=doi; pdfs=1,,,https://doi.org/10.1002/cne.20883,,True
5,Heterocephalus glaber,Henry,2006,10.1002/ar.a.20328,"Cortical, callosal, and thalamic connections from primary somatosensory cortex in the nake",Henry_Catania_2006.pdf,NOT FOUND,,EndNote [4636] weak ov=0.33 how=author+year; pdfs=1 — match too weak to copy; alt:  | epmc pmcid=None oa=N | tried: semantic_scholar,,paywalled (Wiley Anat Rec),https://doi.org/10.1002/ar.a.20328,https://scholar.google.com/scholar?q=Henry%202006%20Cortical%2C%20callosal%2C%20and%20thalamic%20connections%20from%20primary%20somatosensory%20cortex%20in%20the%20nake,
6,Spalax ehrenbergi,Bronchti,2002,10.1046/j.1460-9568.2002.02063.x,Auditory activation of “visual” cortical areas in the blind mole rat (Spalax ehrenbergi),Bronchti_etal_2002.pdf,FOUND,endnote:PDF/0673321441/Bronchti-2002-Auditory activation.pdf,EndNote [5308] doi ov=1.0 how=doi; pdfs=1,,,https://doi.org/10.1046/j.1460-9568.2002.02063.x,,True
7,Microtus ochrogaster,Campi,2007,10.1002/cne.21314,Organization of sensory neocortex in prairie voles (Microtus ochrogaster),Campi_etal_2007.pdf,NOT FOUND,,not in EndNote | epmc pmcid=None oa=N | tried: semantic_scholar,,paywalled (Wiley JCN),https://doi.org/10.1002/cne.21314,https://scholar.google.com/scholar?q=Campi%202007%20Organization%20of%20sensory%20neocortex%20in%20prairie%20voles%20%28Microtus%20ochrogaster%29,
8,Microtus ochrogaster,Campi,2010,10.1093/cercor/bhp082,Connections of auditory and visual cortex in the prairie vole (Microtus ochrogaster): Evid,Campi_etal_2010.pdf,NOT FOUND,,"EndNote [1212] poor ov=0.0 how=author+year; pdfs=1 — match too weak to copy; alt:  | epmc pmcid=PMC2792189 oa=N | tried: europepmc:PMC2792189, pmc:PMC2792189, semantic_scholar",,free author manuscript: https://pmc.ncbi.nlm.nih.gov/articles/PMC2792189/ (PMC blocks scripted download),https://doi.org/10.1093/cercor/bhp082,https://scholar.google.com/scholar?q=Campi%202010%20Connections%20of%20auditory%20and%20visual%20cortex%20in%20the%20prairie%20vole%20%28Microtus%20ochrogaster%29%3A%20Evid,
9,Microtus ochrogaster,Seelke,2016,10.1093/eep/dvw019,Early experiences can alter the size of cortical fields in prairie voles (Microtus ochroga,Seelke_etal_2016.pdf,FOUND,endnote:PDF/1845394078/Seelke-2016-Early experiences can alter the si.pdf,EndNote [4669] doi ov=1.0 how=doi; pdfs=1,,,https://doi.org/10.1093/eep/dvw019,,True
10,Callicebus moloch,Padberg,2005,10.1093/cercor/bhi071,The organization and connections of anterior and posterior parietal cortex in titi monkeys,Padberg_etal_2005.pdf,NOT FOUND,,not in EndNote | epmc pmcid=None oa=N | tried: semantic_scholar,,paywalled (OUP Cereb Cortex); no PMC record,https://doi.org/10.1093/cercor/bhi071,https://scholar.google.com/scholar?q=Padberg%202005%20The%20organization%20and%20connections%20of%20anterior%20and%20posterior%20parietal%20cortex%20in%20titi%20monkeys,
11,Suncus etruscus,Naumann,2012,10.1002/cne.23053,"Cytoarchitecture, areas, and neuron numbers of the Etruscan shrew cortex",Naumann_etal_2012.pdf,NOT FOUND,,not in EndNote | epmc pmcid=None oa=N; s2: no OA pdf,,paywalled (Wiley JCN),https://doi.org/10.1002/cne.23053,https://scholar.google.com/scholar?q=Naumann%202012%20Cytoarchitecture%2C%20areas%2C%20and%20neuron%20numbers%20of%20the%20Etruscan%20shrew%20cortex,
12,Suncus etruscus,Naumann,2015,10.1159/000375438,Even the smallest mammalian brain has yet to reveal its secrets,Naumann_2015.pdf,FOUND,endnote:PDF/1638462027/Naumann-2015-Even the Smallest Mammalian Brain.pdf,EndNote [4689] doi ov=1.0 how=doi; pdfs=1,,,https://doi.org/10.1159/000375438,,True
13,Onychomys leucogaster,Sarko,2011,10.1002/cne.22504,Organization of somatosensory cortex in the northern grasshopper mouse (Onychomys leucogas,Sarko_etal_2011.pdf,FOUND,endnote:PDF/0615419962/Sarko-2011-Organization of soma.pdf,EndNote [1181] doi ov=1.0 how=doi; pdfs=1,,,https://doi.org/10.1002/cne.22504,,True
14,Tarsius spp.,Wong,2010,10.1007/s10764-009-9388-4,Overview of sensory systems of Tarsius,Wong_etal_2010.pdf,NOT FOUND,,not in EndNote | epmc: no record; s2: no OA pdf,,paywalled (Springer IJP),https://doi.org/10.1007/s10764-009-9388-4,https://scholar.google.com/scholar?q=Wong%202010%20Overview%20of%20sensory%20systems%20of%20Tarsius,
15,Dasypus novemcinctus mexicanus,Royce,1975,10.1002/cne.901640408,Functional localization and cortical architecture in the nine-banded armadillo (Dasypus no,Royce_etal_1975.pdf,FOUND,endnote:PDF/0168021016/royce_etal_1975.pdf,EndNote [4673] doi ov=0.82 how=doi; pdfs=1,,,https://doi.org/10.1002/cne.901640408,,True
16,Dasypus novemcinctus; multiple mammals,Kaas,2011,10.1159/000327316,Reconstructing the areal organization of the neocortex of the first mammals,Kaas_2011.pdf,FOUND,endnote:PDF/2513346450/kaas_2011.pdf,EndNote [513] doi ov=1.0 how=doi; pdfs=1,,,https://doi.org/10.1159/000327316,,True
17,Arvicanthis niloticus,Campi,2011,10.1159/000324862,Comparison of area 17 cellular composition in laboratory and wild-caught rats including di,Campi_etal_2011.pdf,NOT FOUND,,"not in EndNote | epmc pmcid=PMC3094678 oa=N | tried: europepmc:PMC3094678, pmc:PMC3094678, semantic_scholar",Row said 'Krubitzer et al. 2011'; the Krubitzer-lab 2011 paper that includes Arvicanthis niloticus is Campi et al. 2011 (BBE). Tentative identification.,free author manuscript: https://pmc.ncbi.nlm.nih.gov/articles/PMC3094678/ (PMC blocks scripted download),https://doi.org/10.1159/000324862,https://scholar.google.com/scholar?q=Campi%202011%20Comparison%20of%20area%2017%20cellular%20composition%20in%20laboratory%20and%20wild-caught%20rats%20including%20di,
18,Ovis aries,Krubitzer,2003,10.1016/s0301-0082(03)00088-1,Nature versus nurture revisited: an old idea with a new twist,Krubitzer_Kahn_2003.pdf,NOT FOUND,,not in EndNote | epmc: no record; s2: no OA pdf,Only Krubitzer & Kahn 2003 paper in Crossref; contains comparative neocortex schematics. Tentative.,paywalled (Elsevier Prog Neurobiol),https://doi.org/10.1016/s0301-0082(03)00088-1,https://scholar.google.com/scholar?q=Krubitzer%202003%20Nature%20versus%20nurture%20revisited%3A%20an%20old%20idea%20with%20a%20new%20twist,
19,Nannospalax galili,Krubitzer,2018,10.1016/j.tins.2018.08.002,The combinatorial creature: cortical phenotypes within and across lifetimes,Krubitzer_Prescott_2018.pdf,FOUND,endnote:PDF/1215817075/Krubitzer-2018-The Combinatorial Creature_ Cor.pdf,EndNote [7429] doi ov=1.0 how=doi; pdfs=1,Only Krubitzer & Prescott 2018 paper in Crossref. Tentative.,,https://doi.org/10.1016/j.tins.2018.08.002,,True
20,Microtus ochrogaster or another rodent,Campi et al.,2011,,; Harrison et al,,UNRESOLVED,,No DOI / no parsable citation; cannot search,,citation unresolved — 'Campi et al. 2011' likely = row 17; 'Harrison et al. 1996' not identifiable from Crossref,,,
