source_file,sha256,status,dataset_folder,apa7_reference
papers_to_do/Cortical Image References/Beck-1998-Thalamic connections.pdf,c784961b19558203c27917fc991ae832ecbad06062664c5c511808a8ac2c2003,not_started,NA,"Beck, P. D., & Kaas, J. H. (1998). Thalamic connections of the dorsomedial visual area in primates. Journal of Comparative Neurology, 396(3), 381–398. https://doi.org/10.1002/(SICI)1096-9861(19980706)396:3<381::AID-CNE8>3.0.CO;2-Z"
papers_to_do/Cortical Image References/Huffman-1999-Organization of soma.pdf,2209a1598481e926dff864d9dbb21e9d3f9e311875a685131abce081f7389146,not_started,NA,"Huffman, K. J., Nelson, J. E., Clarey, J. C., & Krubitzer, L. (1999). Organization of somatosensory cortex in three species of marsupials, Dasyurus hallucatus, Dactylopsila trivirgata, and Monodelphis domestica: Neural correlates of morphological specializations. Journal of Comparative Neurology, 403(1), 5–32. https://doi.org/10.1002/(SICI)1096-9861(19990105)403:1<5::AID-CNE2>3.0.CO;2-F"
papers_to_do/Cortical Image References/Kaas-2011-The Organization and Evolution of Do.pdf,edca61db2bd3388413045195ac97e1697fe4d3384b1b388d1136657ae1a6501f,not_started,NA,"Kaas, J. H., Gharbawie, O. A., & Stepniewska, I. (2011). The organization and evolution of dorsal stream multisensory motor pathways in primates. Frontiers in Neuroanatomy, 5, Article 34. https://doi.org/10.3389/fnana.2011.00034"
papers_to_do/Cortical Image References/Krubitzer-1995-The organization of.pdf,4077a0e01b2169002b107e689bc0b25939b9fd94360e924d3e12dc1324a420f3,not_started,NA,"Krubitzer, L. (1995). The organization of neocortex in mammals: Are species differences really so different? Trends in Neurosciences, 18(9), 408–417. https://doi.org/10.1016/0166-2236(95)93938-T"
papers_to_do/Cortical Image References/Krubitzer-1997-Organization of sens.pdf,118183acbd8b290f62c5b212b54493b1dfe40bd348f8f6e9db96757e73149ca8,not_started,NA,"Krubitzer, L., Künzle, H., & Kaas, J. (1997). Organization of sensory cortex in a Madagascan insectivore, the tenrec (Echinops telfairi). Journal of Comparative Neurology, 379(3), 399–414. https://doi.org/10.1002/(SICI)1096-9861(19970317)379:3<399::AID-CNE6>3.0.CO;2-Z"
papers_to_do/Cortical Image References/Krubitzer-1998-What can monotremes.pdf,c6940c52f13954f6cfab20ccb7a3413aacad6603457f6873a39bb5e030054f73,not_started,NA,"Krubitzer, L. (1998). What can monotremes tell us about brain evolution? Philosophical Transactions of the Royal Society of London. Series B, Biological Sciences, 353(1372), 1127–1146. https://doi.org/10.1098/rstb.1998.0271"
papers_to_do/Cortical Image References/Manger-2002-Areal Organization of the Posterio.pdf,6b8384e8497716449a00a4b9c23e25ead3824d9cbf0ce1f1ab4665ac8de70cbf,not_started,NA,"Manger, P. R., Masiello, I., & Innocenti, G. M. (2002). Areal organization of the posterior parietal cortex of the ferret (Mustela putorius). Cerebral Cortex, 12(12), 1280–1297. https://doi.org/10.1093/cercor/12.12.1280"
papers_to_do/Cortical Image References/Slutsky-2000-Multiple somatosenso.pdf,2e8a76e74abf0b1f4e93325b779529cd5439d6da4d79093506524ac153d8c154,not_started,NA,"Slutsky, D. A., Manger, P. R., & Krubitzer, L. (2000). Multiple somatosensory areas in the anterior parietal cortex of the California ground squirrel (Spermophilus beecheyii). Journal of Comparative Neurology, 416(4), 521–539. https://doi.org/10.1002/(SICI)1096-9861(20000124)416:4<521::AID-CNE8>3.0.CO;2-#"
papers_to_do/Cortical Image References/beck_etal_1996.pdf,e5f994a9b42b389b518e673b18736ec9f79795701c5b01c9ea9aa5647670adb4,not_started,NA,"Beck, P. D., Pospichal, M. W., & Kaas, J. H. (1996). Topography, architecture, and connections of somatosensory cortex in opossums: Evidence for five somatosensory areas. Journal of Comparative Neurology, 366(1), 109–133. https://doi.org/10.1002/(SICI)1096-9861(19960226)366:1<109::AID-CNE8>3.0.CO;2-7"
papers_to_do/Cortical Image References/felleman_vanessen_1991.pdf,e459fd1039ced7c12faa6718537306d9c46aecfd743a670eebc231405901d8c9,not_started,NA,"Felleman, D. J., & Van Essen, D. C. (1991). Distributed hierarchical processing in the primate cerebral cortex. Cerebral Cortex, 1(1), 1–47. https://doi.org/10.1093/cercor/1.1.1"
papers_to_do/Cortical Image References/krubitzer_etal_1993.pdf,4162de2eb1b9f0c89cf8ba0756eebeeb4e037d6c57314c2e8503b2798747013a,not_started,NA,"Krubitzer, L. A., Calford, M. B., & Schmid, L. M. (1993). Connections of somatosensory cortex in megachiropteran bats: The evolution of cortical fields in mammals. Journal of Comparative Neurology, 327(4), 473–506. https://doi.org/10.1002/cne.903270403"
papers_to_do/Cortical Image References/krubitzer_etal_1995.pdf,4afb3d76bff206fcc908852408d42150eb477f8eb55ad0b4405b7644c0069e70,not_started,NA,"Krubitzer, L., Manger, P., Pettigrew, J., & Calford, M. (1995). Organization of somatosensory cortex in monotremes: In search of the prototypical plan. Journal of Comparative Neurology, 351(2), 261–306. https://doi.org/10.1002/cne.903510206"
papers_to_do/Cortical Image References/krubitzer_kaas_1990.pdf,41b2beb315844fff6f6d203cdbeb6bdd2f63f9f3a92e623ba93f0db3ad85f0e1,existing_dataset,flatmap_measurements/Krubitzer_Kaas_1990,"Krubitzer, L. A., & Kaas, J. H. (1990). Cortical connections of MT in four species of primates: Areal, modular, and retinotopic patterns. Visual Neuroscience, 5(2), 165–204. https://doi.org/10.1017/S0952523800000213"
papers_to_do/Cortical Image References/krubitzer_kaas_1993.pdf,6ff63888e2d25090d504b99e7459c1381986472e67d2c8a0e14082a6d687ef99,started_pilot,flatmap_measurements/Krubitzer_Kaas_1993,"Krubitzer, L. A., & Kaas, J. H. (1993). The dorsomedial visual area of owl monkeys: Connections, myeloarchitecture, and homologies in other primates. Journal of Comparative Neurology, 334(4), 497–528. https://doi.org/10.1002/cne.903340402"
papers_to_do/Cortical Image References/luethke_etal_1988.pdf,94cf54fa016d61ba4479dfe4c7f0deac6d7456a3699ac6131a1590a14f16a7da,not_started,NA,"Luethke, L. E., Krubitzer, L. A., & Kaas, J. H. (1988). Cortical connections of electrophysiologically and architectonically defined subdivisions of auditory cortex in squirrels. Journal of Comparative Neurology, 268(2), 181–203. https://doi.org/10.1002/cne.902680205"
papers_to_do/Cortical Image References/luethke_etal_1989.pdf,98c39330b393aa852d0ea80ad428d9bc77094721f263662387bee22176f0a3d3,not_started,NA,"Luethke, L. E., Krubitzer, L. A., & Kaas, J. H. (1989). Connections of primary auditory cortex in the New World monkey, Saguinus. Journal of Comparative Neurology, 285(4), 487–513. https://doi.org/10.1002/cne.902850406"
papers_to_do/Cortical Image References/lyon_etal_1998.pdf,375972a7159bf736cb676fdd4dbd92895042f42261f0710e09cc49634cbef199,not_started,NA,"Lyon, D. C., Jain, N., & Kaas, J. H. (1998). Cortical connections of striate and extrastriate visual areas in tree shrews. Journal of Comparative Neurology, 401(1), 109–128. https://doi.org/10.1002/(SICI)1096-9861(19981109)401:1<109::AID-CNE7>3.0.CO;2-I"
papers_to_do/Cortical Image References/preuss_etal_1993.pdf,7a1aee68bcde9bc44718b88d236faf522ca6906cbbebe52a47924d1104fc32ef,not_started,NA,"Preuss, T. M., Beck, P. D., & Kaas, J. H. (1993). Areal, modular, and connectional organization of visual cortex in a prosimian primate, the slow loris (Nycticebus coucang). Brain, Behavior and Evolution, 42(6), 321–335. https://doi.org/10.1159/000114169"
papers_to_do/Cortical Image References/preuss_kaas_1996.pdf,4c53c2019958973b708fd8187f92a938b628942edf4edc7d9e7b298bd0ae6b34,not_started,NA,"Preuss, T. M., & Kaas, J. H. (1996). Cytochrome oxidase ‘blobs’ and other characteristics of primary visual cortex in a lemuroid primate, Cheirogaleus medius. Brain, Behavior and Evolution, 47(2), 103–112. https://doi.org/10.1159/000113231"
papers_to_do/Cortical Image References/vanessen_drury_1997.pdf,7800cdfcba1c10afb68b74e89bff072b27a5d8181ac42ddfa0233c60d88e9721,not_started,NA,"Van Essen, D. C., & Drury, H. A. (1997). Structural and functional analyses of human cerebral cortex using a surface-based atlas. Journal of Neuroscience, 17(18), 7079–7102. https://doi.org/10.1523/JNEUROSCI.17-18-07079.1997"
papers_to_do/Cortical Image References/zilles_1985.pdf,644fc3fa9cb8748a7630626c22874a4510a491e9f596d4d36692f81add9876ed,not_started,NA,"Zilles, K. (1985). The cortex of the rat: A stereotaxic atlas. Springer-Verlag. https://doi.org/10.1007/978-3-642-70573-1"
