figure,pdf_page,interpretation_from_caption,specimen_as_captioned,processing_status,next_action
1,5,illustrative organization map,not reported,caption_screened_not_digitized,Inspect image; expand panel records and assess calibration/boundaries
2,6,recording map and receptive fields,not reported,caption_screened_not_digitized,Inspect image; expand panel records and assess calibration/boundaries
3,8,representative tangential section,89-35,caption_screened_not_digitized,Inspect image; expand panel records and assess calibration/boundaries
4,9,photomicrograph of section; overlaps Figure 5 case,88-32,caption_screened_not_digitized,Inspect image; expand panel records and assess calibration/boundaries
5,10,individual-case reconstruction,88-32,pilot_digitized,Review three traced fields and assess remaining boundaries
6,11,individual-case reconstruction,89-58,caption_screened_not_digitized,Inspect image; expand panel records and assess calibration/boundaries
7,14,photomicrograph panels; caption on page 15,89-35 / 88-32,caption_screened_not_digitized,Inspect image; expand panel records and assess calibration/boundaries
8,15,partial tracer/CO reconstructions,89-35,caption_screened_not_digitized,Inspect image; expand panel records and assess calibration/boundaries
9,16,laminar tracer reconstruction,89-35,caption_screened_not_digitized,Inspect image; expand panel records and assess calibration/boundaries
10,17,partial field/CO patterns,88-32,caption_screened_not_digitized,Inspect image; expand panel records and assess calibration/boundaries
11,18,contralateral reconstructions A and B,89-35 / 88-32,caption_screened_not_digitized,Inspect image; expand panel records and assess calibration/boundaries
12,19,myeloarchitecture sections A-C; caption on page 18,not reported,caption_screened_not_digitized,Inspect image; expand panel records and assess calibration/boundaries
13,20,marmoset myeloarchitecture,not reported,caption_screened_not_digitized,Inspect image; expand panel records and assess calibration/boundaries
14,21,area 17 connection map; label overlaps 1990 dataset,88-16,caption_screened_not_digitized,Inspect image; expand panel records and assess calibration/boundaries
15,22,marmoset area 17 connection map,89-78,caption_screened_not_digitized,Inspect image; expand panel records and assess calibration/boundaries
16,23,squirrel monkey area 17 connection map,92-8,caption_screened_not_digitized,Inspect image; expand panel records and assess calibration/boundaries
17,24,galago area 17 connection map,89-11,caption_screened_not_digitized,Inspect image; expand panel records and assess calibration/boundaries
18,25,talapoin area 17 connection map,see caption,caption_screened_not_digitized,Inspect image; expand panel records and assess calibration/boundaries
19,26,patas area 17 connection map,90-50,caption_screened_not_digitized,Inspect image; expand panel records and assess calibration/boundaries
20,27,macaque area 17 connection map,92-7,caption_screened_not_digitized,Inspect image; expand panel records and assess calibration/boundaries
21,28,illustrative summary panels A-C,not applicable,caption_screened_not_digitized,Inspect image; expand panel records and assess calibration/boundaries
