map_id,figure,panel,pdf_page,printed_page,species,specimen,hemisphere,view_type,hemisphere_relation,linked_main_map,repeat_of,relationship_note,specimen_link_status,include_in_whole_hemisphere_summary,outline_scope,scale_note,scale_reference_map,scale_length_mm,scale_length_px,source_roi_file,label,is_outline,extent,area_px2,area_mm2,percent_of_drawn_neocortex,percent_of_drawn_outline,sensitivity_low_mm2,sensitivity_high_mm2,status,boundary_note
fig05,5,NA,10,506,Aotus trivirgatus,88-32,not assigned,whole_hemisphere,injected hemisphere,NA,NA,Figure 5 caption identifies reconstruction for 88-32 and says modified from Krubitzer and Kaas (1990a). Figure 4 shows a section of the same case; Figure 11B shows the opposite hemisphere. Cross-publication independence is not established.,caption_identified,True,whole_drawn_neocortex,"Own Figure 5 scale bar printed 2 mm. Endpoints selected from the actual stroke at full rendered-page positions (856,755) and (892,755).",NA,2,36.0,../figures/fig05/rois.json,Neocortex outline,True,complete,422506.1875,1304.0314429012344,100.0,100.0,NA,NA,provisional; anatomical review required,External closed drawn cortex contour segmented at grey threshold 170 and simplified to 0.65-pixel tolerance; vertices saved here and visually inspected. Calcarine cuts and exterior gaps follow the drawn edge. No shrinkage correction.
fig05,5,NA,10,506,Aotus trivirgatus,88-32,not assigned,whole_hemisphere,injected hemisphere,NA,NA,Figure 5 caption identifies reconstruction for 88-32 and says modified from Krubitzer and Kaas (1990a). Figure 4 shows a section of the same case; Figure 11B shows the opposite hemisphere. Cross-publication independence is not established.,caption_identified,True,whole_drawn_neocortex,"Own Figure 5 scale bar printed 2 mm. Endpoints selected from the actual stroke at full rendered-page positions (856,755) and (892,755).",NA,2,36.0,../figures/fig05/rois.json,MT,False,complete,8636.6875,26.656442901234566,2.0441564539217545,2.0441564539217545,NA,NA,provisional; anatomical review required,Visible closed MT envelope; tracer/label inside retained. Provisional manual vertices.
fig05,5,NA,10,506,Aotus trivirgatus,88-32,not assigned,whole_hemisphere,injected hemisphere,NA,NA,Figure 5 caption identifies reconstruction for 88-32 and says modified from Krubitzer and Kaas (1990a). Figure 4 shows a section of the same case; Figure 11B shows the opposite hemisphere. Cross-publication independence is not established.,caption_identified,True,whole_drawn_neocortex,"Own Figure 5 scale bar printed 2 mm. Endpoints selected from the actual stroke at full rendered-page positions (856,755) and (892,755).",NA,2,36.0,../figures/fig05/rois.json,FST,False,complete,7176.6875,22.150270061728392,1.6985993844172993,1.6985993844172993,NA,NA,provisional; anatomical review required,Closed elongate FST envelope; shared MT boundary uses the same vertices in reverse. Tracer inside retained.
fig05,5,NA,10,506,Aotus trivirgatus,88-32,not assigned,whole_hemisphere,injected hemisphere,NA,NA,Figure 5 caption identifies reconstruction for 88-32 and says modified from Krubitzer and Kaas (1990a). Figure 4 shows a section of the same case; Figure 11B shows the opposite hemisphere. Cross-publication independence is not established.,caption_identified,True,whole_drawn_neocortex,"Own Figure 5 scale bar printed 2 mm. Endpoints selected from the actual stroke at full rendered-page positions (856,755) and (892,755).",NA,2,36.0,../figures/fig05/rois.json,AI + R,False,complete,5955.6875,18.381751543209877,1.4096095338248744,1.4096095338248744,NA,NA,provisional; anatomical review required,"Compound auditory region printed AI + R; no internal border supplied, so not split into two independent fields."
fig05,5,NA,10,506,Aotus trivirgatus,88-32,not assigned,whole_hemisphere,injected hemisphere,NA,NA,Figure 5 caption identifies reconstruction for 88-32 and says modified from Krubitzer and Kaas (1990a). Figure 4 shows a section of the same case; Figure 11B shows the opposite hemisphere. Cross-publication independence is not established.,caption_identified,True,whole_drawn_neocortex,"Own Figure 5 scale bar printed 2 mm. Endpoints selected from the actual stroke at full rendered-page positions (856,755) and (892,755).",NA,2,36.0,../figures/fig05/rois.json,17,False,NA,NA,NA,NA,NA,NA,NA,not_yet_digitized,"First-run pilot traces MT, FST and AI + R only; this field awaits anatomical tracing and boundary assessment."
fig05,5,NA,10,506,Aotus trivirgatus,88-32,not assigned,whole_hemisphere,injected hemisphere,NA,NA,Figure 5 caption identifies reconstruction for 88-32 and says modified from Krubitzer and Kaas (1990a). Figure 4 shows a section of the same case; Figure 11B shows the opposite hemisphere. Cross-publication independence is not established.,caption_identified,True,whole_drawn_neocortex,"Own Figure 5 scale bar printed 2 mm. Endpoints selected from the actual stroke at full rendered-page positions (856,755) and (892,755).",NA,2,36.0,../figures/fig05/rois.json,18,False,NA,NA,NA,NA,NA,NA,NA,not_yet_digitized,"First-run pilot traces MT, FST and AI + R only; this field awaits anatomical tracing and boundary assessment."
fig05,5,NA,10,506,Aotus trivirgatus,88-32,not assigned,whole_hemisphere,injected hemisphere,NA,NA,Figure 5 caption identifies reconstruction for 88-32 and says modified from Krubitzer and Kaas (1990a). Figure 4 shows a section of the same case; Figure 11B shows the opposite hemisphere. Cross-publication independence is not established.,caption_identified,True,whole_drawn_neocortex,"Own Figure 5 scale bar printed 2 mm. Endpoints selected from the actual stroke at full rendered-page positions (856,755) and (892,755).",NA,2,36.0,../figures/fig05/rois.json,DL,False,NA,NA,NA,NA,NA,NA,NA,not_yet_digitized,"First-run pilot traces MT, FST and AI + R only; this field awaits anatomical tracing and boundary assessment."
fig05,5,NA,10,506,Aotus trivirgatus,88-32,not assigned,whole_hemisphere,injected hemisphere,NA,NA,Figure 5 caption identifies reconstruction for 88-32 and says modified from Krubitzer and Kaas (1990a). Figure 4 shows a section of the same case; Figure 11B shows the opposite hemisphere. Cross-publication independence is not established.,caption_identified,True,whole_drawn_neocortex,"Own Figure 5 scale bar printed 2 mm. Endpoints selected from the actual stroke at full rendered-page positions (856,755) and (892,755).",NA,2,36.0,../figures/fig05/rois.json,DM,False,NA,NA,NA,NA,NA,NA,NA,not_yet_digitized,"First-run pilot traces MT, FST and AI + R only; this field awaits anatomical tracing and boundary assessment."
fig05,5,NA,10,506,Aotus trivirgatus,88-32,not assigned,whole_hemisphere,injected hemisphere,NA,NA,Figure 5 caption identifies reconstruction for 88-32 and says modified from Krubitzer and Kaas (1990a). Figure 4 shows a section of the same case; Figure 11B shows the opposite hemisphere. Cross-publication independence is not established.,caption_identified,True,whole_drawn_neocortex,"Own Figure 5 scale bar printed 2 mm. Endpoints selected from the actual stroke at full rendered-page positions (856,755) and (892,755).",NA,2,36.0,../figures/fig05/rois.json,DI,False,NA,NA,NA,NA,NA,NA,NA,not_yet_digitized,"First-run pilot traces MT, FST and AI + R only; this field awaits anatomical tracing and boundary assessment."
fig05,5,NA,10,506,Aotus trivirgatus,88-32,not assigned,whole_hemisphere,injected hemisphere,NA,NA,Figure 5 caption identifies reconstruction for 88-32 and says modified from Krubitzer and Kaas (1990a). Figure 4 shows a section of the same case; Figure 11B shows the opposite hemisphere. Cross-publication independence is not established.,caption_identified,True,whole_drawn_neocortex,"Own Figure 5 scale bar printed 2 mm. Endpoints selected from the actual stroke at full rendered-page positions (856,755) and (892,755).",NA,2,36.0,../figures/fig05/rois.json,M,False,NA,NA,NA,NA,NA,NA,NA,not_yet_digitized,"First-run pilot traces MT, FST and AI + R only; this field awaits anatomical tracing and boundary assessment."
fig05,5,NA,10,506,Aotus trivirgatus,88-32,not assigned,whole_hemisphere,injected hemisphere,NA,NA,Figure 5 caption identifies reconstruction for 88-32 and says modified from Krubitzer and Kaas (1990a). Figure 4 shows a section of the same case; Figure 11B shows the opposite hemisphere. Cross-publication independence is not established.,caption_identified,True,whole_drawn_neocortex,"Own Figure 5 scale bar printed 2 mm. Endpoints selected from the actual stroke at full rendered-page positions (856,755) and (892,755).",NA,2,36.0,../figures/fig05/rois.json,VPP,False,NA,NA,NA,NA,NA,NA,NA,not_yet_digitized,"First-run pilot traces MT, FST and AI + R only; this field awaits anatomical tracing and boundary assessment."
fig05,5,NA,10,506,Aotus trivirgatus,88-32,not assigned,whole_hemisphere,injected hemisphere,NA,NA,Figure 5 caption identifies reconstruction for 88-32 and says modified from Krubitzer and Kaas (1990a). Figure 4 shows a section of the same case; Figure 11B shows the opposite hemisphere. Cross-publication independence is not established.,caption_identified,True,whole_drawn_neocortex,"Own Figure 5 scale bar printed 2 mm. Endpoints selected from the actual stroke at full rendered-page positions (856,755) and (892,755).",NA,2,36.0,../figures/fig05/rois.json,2,False,NA,NA,NA,NA,NA,NA,NA,not_yet_digitized,"First-run pilot traces MT, FST and AI + R only; this field awaits anatomical tracing and boundary assessment."
fig05,5,NA,10,506,Aotus trivirgatus,88-32,not assigned,whole_hemisphere,injected hemisphere,NA,NA,Figure 5 caption identifies reconstruction for 88-32 and says modified from Krubitzer and Kaas (1990a). Figure 4 shows a section of the same case; Figure 11B shows the opposite hemisphere. Cross-publication independence is not established.,caption_identified,True,whole_drawn_neocortex,"Own Figure 5 scale bar printed 2 mm. Endpoints selected from the actual stroke at full rendered-page positions (856,755) and (892,755).",NA,2,36.0,../figures/fig05/rois.json,1,False,NA,NA,NA,NA,NA,NA,NA,not_yet_digitized,"First-run pilot traces MT, FST and AI + R only; this field awaits anatomical tracing and boundary assessment."
fig05,5,NA,10,506,Aotus trivirgatus,88-32,not assigned,whole_hemisphere,injected hemisphere,NA,NA,Figure 5 caption identifies reconstruction for 88-32 and says modified from Krubitzer and Kaas (1990a). Figure 4 shows a section of the same case; Figure 11B shows the opposite hemisphere. Cross-publication independence is not established.,caption_identified,True,whole_drawn_neocortex,"Own Figure 5 scale bar printed 2 mm. Endpoints selected from the actual stroke at full rendered-page positions (856,755) and (892,755).",NA,2,36.0,../figures/fig05/rois.json,3b,False,NA,NA,NA,NA,NA,NA,NA,not_yet_digitized,"First-run pilot traces MT, FST and AI + R only; this field awaits anatomical tracing and boundary assessment."
fig05,5,NA,10,506,Aotus trivirgatus,88-32,not assigned,whole_hemisphere,injected hemisphere,NA,NA,Figure 5 caption identifies reconstruction for 88-32 and says modified from Krubitzer and Kaas (1990a). Figure 4 shows a section of the same case; Figure 11B shows the opposite hemisphere. Cross-publication independence is not established.,caption_identified,True,whole_drawn_neocortex,"Own Figure 5 scale bar printed 2 mm. Endpoints selected from the actual stroke at full rendered-page positions (856,755) and (892,755).",NA,2,36.0,../figures/fig05/rois.json,3a,False,NA,NA,NA,NA,NA,NA,NA,not_yet_digitized,"First-run pilot traces MT, FST and AI + R only; this field awaits anatomical tracing and boundary assessment."
fig05,5,NA,10,506,Aotus trivirgatus,88-32,not assigned,whole_hemisphere,injected hemisphere,NA,NA,Figure 5 caption identifies reconstruction for 88-32 and says modified from Krubitzer and Kaas (1990a). Figure 4 shows a section of the same case; Figure 11B shows the opposite hemisphere. Cross-publication independence is not established.,caption_identified,True,whole_drawn_neocortex,"Own Figure 5 scale bar printed 2 mm. Endpoints selected from the actual stroke at full rendered-page positions (856,755) and (892,755).",NA,2,36.0,../figures/fig05/rois.json,MI,False,NA,NA,NA,NA,NA,NA,NA,not_yet_digitized,"First-run pilot traces MT, FST and AI + R only; this field awaits anatomical tracing and boundary assessment."
fig05,5,NA,10,506,Aotus trivirgatus,88-32,not assigned,whole_hemisphere,injected hemisphere,NA,NA,Figure 5 caption identifies reconstruction for 88-32 and says modified from Krubitzer and Kaas (1990a). Figure 4 shows a section of the same case; Figure 11B shows the opposite hemisphere. Cross-publication independence is not established.,caption_identified,True,whole_drawn_neocortex,"Own Figure 5 scale bar printed 2 mm. Endpoints selected from the actual stroke at full rendered-page positions (856,755) and (892,755).",NA,2,36.0,../figures/fig05/rois.json,FEF,False,NA,NA,NA,NA,NA,NA,NA,not_yet_digitized,"First-run pilot traces MT, FST and AI + R only; this field awaits anatomical tracing and boundary assessment."
fig05,5,NA,10,506,Aotus trivirgatus,88-32,not assigned,whole_hemisphere,injected hemisphere,NA,NA,Figure 5 caption identifies reconstruction for 88-32 and says modified from Krubitzer and Kaas (1990a). Figure 4 shows a section of the same case; Figure 11B shows the opposite hemisphere. Cross-publication independence is not established.,caption_identified,True,whole_drawn_neocortex,"Own Figure 5 scale bar printed 2 mm. Endpoints selected from the actual stroke at full rendered-page positions (856,755) and (892,755).",NA,2,36.0,../figures/fig05/rois.json,FV,False,NA,NA,NA,NA,NA,NA,NA,not_yet_digitized,"First-run pilot traces MT, FST and AI + R only; this field awaits anatomical tracing and boundary assessment."
fig05,5,NA,10,506,Aotus trivirgatus,88-32,not assigned,whole_hemisphere,injected hemisphere,NA,NA,Figure 5 caption identifies reconstruction for 88-32 and says modified from Krubitzer and Kaas (1990a). Figure 4 shows a section of the same case; Figure 11B shows the opposite hemisphere. Cross-publication independence is not established.,caption_identified,True,whole_drawn_neocortex,"Own Figure 5 scale bar printed 2 mm. Endpoints selected from the actual stroke at full rendered-page positions (856,755) and (892,755).",NA,2,36.0,../figures/fig05/rois.json,FR,False,NA,NA,NA,NA,NA,NA,NA,not_yet_digitized,"First-run pilot traces MT, FST and AI + R only; this field awaits anatomical tracing and boundary assessment."
fig05,5,NA,10,506,Aotus trivirgatus,88-32,not assigned,whole_hemisphere,injected hemisphere,NA,NA,Figure 5 caption identifies reconstruction for 88-32 and says modified from Krubitzer and Kaas (1990a). Figure 4 shows a section of the same case; Figure 11B shows the opposite hemisphere. Cross-publication independence is not established.,caption_identified,True,whole_drawn_neocortex,"Own Figure 5 scale bar printed 2 mm. Endpoints selected from the actual stroke at full rendered-page positions (856,755) and (892,755).",NA,2,36.0,../figures/fig05/rois.json,IT,False,NA,NA,NA,NA,NA,NA,NA,not_yet_digitized,"First-run pilot traces MT, FST and AI + R only; this field awaits anatomical tracing and boundary assessment."
fig05,5,NA,10,506,Aotus trivirgatus,88-32,not assigned,whole_hemisphere,injected hemisphere,NA,NA,Figure 5 caption identifies reconstruction for 88-32 and says modified from Krubitzer and Kaas (1990a). Figure 4 shows a section of the same case; Figure 11B shows the opposite hemisphere. Cross-publication independence is not established.,caption_identified,True,whole_drawn_neocortex,"Own Figure 5 scale bar printed 2 mm. Endpoints selected from the actual stroke at full rendered-page positions (856,755) and (892,755).",NA,2,36.0,../figures/fig05/rois.json,VP + VA,False,NA,NA,NA,NA,NA,NA,NA,not_yet_digitized,"First-run pilot traces MT, FST and AI + R only; this field awaits anatomical tracing and boundary assessment."
fig05,5,NA,10,506,Aotus trivirgatus,88-32,not assigned,whole_hemisphere,injected hemisphere,NA,NA,Figure 5 caption identifies reconstruction for 88-32 and says modified from Krubitzer and Kaas (1990a). Figure 4 shows a section of the same case; Figure 11B shows the opposite hemisphere. Cross-publication independence is not established.,caption_identified,True,whole_drawn_neocortex,"Own Figure 5 scale bar printed 2 mm. Endpoints selected from the actual stroke at full rendered-page positions (856,755) and (892,755).",NA,2,36.0,../figures/fig05/rois.json,MST,False,NA,NA,NA,NA,NA,NA,NA,not_measurable,Visible rostral MST boundary terminates without a closed connection to the MT perimeter; no long artificial closure imposed.
